Workbook

Sheet QC,QA제외
A1: SM_SQA | U1: 완료
A2: ■ 제조원가
A3: 품질경영실품질보증3팀 | N3: 2023.07 | O3: 2023.08 | P3: 2023.09 | Q3: 2023.1 | R3: 2023.11 | S3: 2023.12 | V3: =15/14 -> 1.0714286 | AB3: =16/15 -> 1.0666667
A4: 계정 | B4: 예산통제항목 | C4: 비목 성격 | D4: 계정코드 | E4: 예산통제항목 | F4: 2024 예산 | G4: 2024 실적 | H4: 2024.01 | I4: 2024.02 | J4: 2024.03 | K4: 2024.04 | L4: 2024.05 | M4: 2024.06 | N4: 2024.07 | O4: 2024.08 | P4: 2024.09 | Q4: 2024.1 | R4: 2024.11 | S4: 2024.12 | T4: 2025년 예산 | U4: 2025 합계 | V4: 2025.01 | W4: 2025.02 | X4: 2025.03 | Y4: 2025.04 | Z4: 2025.05 | AA4: 2025.06 | AB4: 2025.07 | AC4: 2025.08 | AD4: 2025.09 | AE4: 2025.1 | AF4: 2025.11 | AG4: 2025.12 | AH4: 2026 | AI4: 2026.01 | AJ4: 2026.02 | AK4: 2026.03 | AL4: 2026.04 | AM4: 2026.05 | AN4: 2026.06 | AO4: 2026.07 | AP4: 2026.08 | AQ4: 2026.09 | AR4: 2026.1 | AS4: 2026.11 | AT4: 2026.12 | AU4: 1Q | AV4: 2Q | AW4: 3Q | AX4: 4Q | AY4: 2027 | AZ4: 2028 | BA4: 2029 | BB4: 수립근거 | BC4: 물가 상승률 반영 여부 | BD4: 인원 반영 예산 | BE4: 2021 실적 | BF4: 2022 실적 | BG4: 2023 실적 | BH4: 2024 실적(E)
A5: Ⅰ.원료비 | B5: - | U5: =SUM(V5:AG5) -> 0 | BC5: 포캐스트 연동
A6: 원료비 | B6: - | BC6: X
A7: Ⅱ.재료비 | B7: - | BC7: 포캐스트 연동
A8: 재료비 | B8: - | BC8: X
A9: Ⅲ.노무비 | B9: -
A10: 1.임원급여 | B10: - | BC10: X
A11: 임원급여(제조) | B11: 인건비(기본) | C11: 고정비 | D11: 5102110 | E11: BT432 | BC11: X
A12: 임원상여금(제조) | B12: 인건비(충당) | C12: 고정비 | D12: 5102120 | E12: BT440 | BC12: X
A13: 2.급료와임금 | B13: - | BC13: X
A14: 급료와임금(제조) | B14: 인건비(기본) | C14: 고정비 | D14: 5102210 | E14: BT432 | BB14: 25년 15명/ 26년 17명 / 27년 17명 / 28년 17명 / 29년 17명 | BC14: O
A15: 상여금(제조) | B15: 인건비(충당) | C15: 고정비 | D15: 5102220 | E15: BT440 | BB15: 25년 15명/ 26년 17명 / 27년 17명 / 28년 17명 / 29년 17명 | BC15: O
A16: 학비보조금(제조) | B16: 인건비(기본) | C16: 고정비 | D16: 5102230 | E16: BT432 | BC16: X
A17: 시간외근무수당(제조) | B17: 인건비(추가) | C17: 변동비 | D17: 5102240 | E17: BT436 | BB17: 25년 15명/ 26년 17명 / 27년 17명 / 28년 17명 / 29년 17명 | BC17: O
A18: 휴가보상금(제조) | B18: 인건비(기본) | C18: 고정비 | D18: 5102250 | E18: BT432 | BC18: X
A19: 시상비(제조) | B19: 인건비(추가) | C19: 고정비 | D19: 5102260 | E19: BT436 | BC19: X
A20: 제수당(제조) | B20: 인건비(기본) | C20: 고정비 | D20: 5102280 | E20: BT432 | BC20: X
A21: 일시급여(제조) | B21: 인건비(추가) | C21: 고정비 | D21: 5102290 | E21: BT436 | BC21: X
A22: 3.퇴직급여전입액 | B22: - | BC22: X
A23: 퇴직급여충당금전입액(제조) | B23: 인건비(충당) | C23: 고정비 | D23: 5102410 | E23: BT440 | BC23: X
A24: 퇴직위로금(제조) | B24: - | C24: 고정비 | D24: 5102420 | E24: BT436 | BB24: 최나영 수석 2028-07-01 임금피크제 시작 | BC24: X
A25: 퇴직급여-확정기여형(제조) | C25: 고정비 | D25: 5102430 | BC25: X
A26: Ⅳ.제조경비 | B26: - | F26: 165653824 | G26: =G27+G46+G52+G60+G68+G79+G88+G100+G107+G115+G118+G128+G130+G138+G140+G146+G149+G158+G163+G168+G173 -> 116234132 | H26: =H27+H46+H52+H60+H68+H79+H88+H100+H107+H115+H118+H128+H130+H138+H140+H146+H149+H158+H163+H168+H173 -> 9038022 | I26: =I27+I46+I52+I60+I68+I79+I88+I100+I107+I115+I118+I128+I130+I138+I140+I146+I149+I158+I163+I168+I173 -> 10073459 | J26: =J27+J46+J52+J60+J68+J79+J88+J100+J107+J115+J118+J128+J130+J138+J140+J146+J149+J158+J163+J168+J173 -> 9395487 | K26: =K27+K46+K52+K60+K68+K79+K88+K100+K107+K115+K118+K128+K130+K138+K140+K146+K149+K158+K163+K168+K173 -> 13831192 | L26: =L27+L46+L52+L60+L68+L79+L88+L100+L107+L115+L118+L128+L130+L138+L140+L146+L149+L158+L163+L168+L173 -> 11404351 | M26: =M27+M46+M52+M60+M68+M79+M88+M100+M107+M115+M118+M128+M130+M138+M140+M146+M149+M158+M163+M168+M173 -> 8674192 | N26: =N27+N46+N52+N60+N68+N79+N88+N100+N107+N115+N118+N128+N130+N138+N140+N146+N149+N158+N163+N168+N173 -> 9108576 | ... S26: =S27+S46+S52+S60+S68+S79+S88+S100+S107+S115+S118+S128+S130+S138+S140+S146+S149+S158+S163+S168+S173 -> 9188473 | T26: 6.2625953e+08 | U26: =U27+U46+U52+U60+U68+U79+U88+U100+U107+U115+U118+U128+U130+U138+U140+U146+U149+U158+U163+U168+U173 -> 2.4780349e+08 | V26: =V27+V46+V52+V60+V68+V79+V88+V100+V107+V115+V118+V128+V130+V138+V140+V146+V149+V158+V163+V168+V173 -> 9403142 | W26: =W27+W46+W52+W60+W68+W79+W88+W100+W107+W115+W118+W128+W130+W138+W140+W146+W149+W158+W163+W168+W173 -> 10698878 | X26: =X27+X46+X52+X60+X68+X79+X88+X100+X107+X115+X118+X128+X130+X138+X140+X146+X149+X158+X163+X168+X173 -> 10698717 | Y26: =Y27+Y46+Y52+Y60+Y68+Y79+Y88+Y100+Y107+Y115+Y118+Y128+Y130+Y138+Y140+Y146+Y149+Y158+Y163+Y168+Y173 -> 12850339 | Z26: =Z27+Z46+Z52+Z60+Z68+Z79+Z88+Z100+Z107+Z115+Z118+Z128+Z130+Z138+Z140+Z146+Z149+Z158+Z163+Z168+Z173 -> 10563058 | AA26: =AA27+AA46+AA52+AA60+AA68+AA79+AA88+AA100+AA107+AA115+AA118+AA128+AA130+AA138+AA140+AA146+AA149+AA158+AA163+AA168+AA173 -> 88876935 | AB26: =AB27+AB46+AB52+AB60+AB68+AB79+AB88+AB100+AB107+AB115+AB118+AB128+AB130+AB138+AB140+AB146+AB149+AB158+AB163+AB168+AB173 -> 23118736 | ... AT26: =AT27+AT46+AT52+AT60+AT68+AT79+AT88+AT100+AT107+AT115+AT118+AT128+AT130+AT138+AT140+AT146+AT149+AT158+AT163+AT168+AT173 -> 1.0909662e+09 | AU26: =SUM(AI26:AK26) -> 3.3895633e+09 | AV26: =SUM(AL26:AN26) -> 2949041638 | AW26: =SUM(AO26:AQ26) -> 3266033814 | AX26: =SUM(AR26:AT26) -> 2984981274 | AY26: =AY27+AY46+AY52+AY60+AY68+AY79+AY88+AY100+AY107+AY115+AY118+AY128+AY130+AY138+AY140+AY146+AY149+AY158+AY163+AY168+AY173 -> 1.2910026e+10 | AZ26: =AZ27+AZ46+AZ52+AZ60+AZ68+AZ79+AZ88+AZ100+AZ107+AZ115+AZ118+AZ128+AZ130+AZ138+AZ140+AZ146+AZ149+AZ158+AZ163+AZ168+AZ173 -> 1.3246453e+10 | BA26: =BA27+BA46+BA52+BA60+BA68+BA79+BA88+BA100+BA107+BA115+BA118+BA128+BA130+BA138+BA140+BA146+BA149+BA158+BA163+BA168+BA173 -> 1.3599701e+10 | BC26: 연도별 5% 증가 | BE26: =BE27+BE46+BE52+BE60+BE68+BE79+BE88+BE100+BE107+BE115+BE118+BE128+BE130+BE138+BE140+BE146+BE149+BE158+BE163+BE168+BE173 -> 0 | BF26: 79169476 | BG26: 130128127 | BH26: =G26 -> 116234132
A27: 1.복리후생비 | B27: - | F27: 106972500 | G27: =SUM(G28:G45) -> 101943919 | H27: =SUM(H28:H45) -> 8192785 | I27: =SUM(I28:I45) -> 8540309 | J27: =SUM(J28:J45) -> 8389540 | K27: =SUM(K28:K45) -> 12425015 | L27: =SUM(L28:L45) -> 8959701 | M27: =SUM(M28:M45) -> 7914070 | N27: =SUM(N28:N45) -> 8338457 | ... S27: =SUM(S28:S45) -> 8237736 | T27: 1.0831421e+08 | U27: =SUM(U28:U45) -> 1.1009165e+08 | V27: =SUM(V28:V45) -> 8137510 | W27: =SUM(W28:W45) -> 7477184 | X27: =SUM(X28:X45) -> 8336902 | Y27: =SUM(Y28:Y45) -> 11685478 | Z27: =SUM(Z28:Z45) -> 9416663 | AA27: 8798158.8 | AB27: 9373291.9 | AC27: 9373292.9 | AD27: 9373292.9 | AE27: 9373291.9 | AF27: 9373292.9 | AG27: 9373292.9 | AH27: =SUM(AH28:AH45) -> 559277544 | AI27: =SUM(AI28:AI45) -> 45781462 | AJ27: =SUM(AJ28:AJ45) -> 45781462 | AK27: =SUM(AK28:AK45) -> 46031462 | AL27: =SUM(AL28:AL45) -> 47781462 | AM27: =SUM(AM28:AM45) -> 45781462 | AN27: =SUM(AN28:AN45) -> 46031462 | AO27: =SUM(AO28:AO45) -> 45781462 | ... AT27: =SUM(AT28:AT45) -> 46031462 | AU27: =SUM(AI27:AK27) -> 137594386 | AV27: =SUM(AL27:AN27) -> 139594386 | AW27: =SUM(AO27:AQ27) -> 144494386 | AX27: =SUM(AR27:AT27) -> 137594386 | AY27: =SUM(AY28:AY45) -> 5.7742884e+08 | AZ27: =SUM(AZ28:AZ45) -> 5.964877e+08 | BA27: =SUM(BA28:BA45) -> 6.1649951e+08 | BC27: X | BE27: =SUM(BE28:BE45) -> 0 | BF27: 58138039 | BG27: 101037105 | BH27: =G27 -> 101943919
A28: 복리후생비-통근비(제조) | B28: 통근비(제조) | C28: 고정비 | D28: 5103260 | E28: BT327 | F28: 0 | G28: =SUM(H28:S28) -> 0 | H28: =IFERROR(INDEX('[1]2024'!$A:$Q,MATCH($A$3&$D28,'[1]2024'!$B:$B,0),MATCH(H$4,'[1]2024'!$2:$2,0)),0)+IFERROR(INDEX('[1]2024'!$A:$Q,MATCH($B$3&$D28,'[1]2024'!$B:$B,0),MATCH(H$4,'[1]2024'!$2:$2,0)),0)++IFERROR(INDEX('[1]2024'!$A:$Q,MATCH($C$3&$D28,'[1]2024'!$B:$B,0),MATCH(H$4,'[1]2024'!$2:$2,0)),0)++IFERROR(INDEX('[1]2024'!$A:$Q,MATCH($D$3&$D28,'[1]2024'!$B:$B,0),MATCH(H$4,'[1]2024'!$2:$2,0)),0) -> 0 | I28: =IFERROR(INDEX('[1]2024'!$A:$Q,MATCH($A$3&$D28,'[1]2024'!$B:$B,0),MATCH(I$4,'[1]2024'!$2:$2,0)),0)+IFERROR(INDEX('[1]2024'!$A:$Q,MATCH($B$3&$D28,'[1]2024'!$B:$B,0),MATCH(I$4,'[1]2024'!$2:$2,0)),0)++IFERROR(INDEX('[1]2024'!$A:$Q,MATCH($C$3&$D28,'[1]2024'!$B:$B,0),MATCH(I$4,'[1]2024'!$2:$2,0)),0)++IFERROR(INDEX('[1]2024'!$A:$Q,MATCH($D$3&$D28,'[1]2024'!$B:$B,0),MATCH(I$4,'[1]2024'!$2:$2,0)),0) -> 0 | J28: =IFERROR(INDEX('[1]2024'!$A:$Q,MATCH($A$3&$D28,'[1]2024'!$B:$B,0),MATCH(J$4,'[1]2024'!$2:$2,0)),0)+IFERROR(INDEX('[1]2024'!$A:$Q,MATCH($B$3&$D28,'[1]2024'!$B:$B,0),MATCH(J$4,'[1]2024'!$2:$2,0)),0)++IFERROR(INDEX('[1]2024'!$A:$Q,MATCH($C$3&$D28,'[1]2024'!$B:$B,0),MATCH(J$4,'[1]2024'!$2:$2,0)),0)++IFERROR(INDEX('[1]2024'!$A:$Q,MATCH($D$3&$D28,'[1]2024'!$B:$B,0),MATCH(J$4,'[1]2024'!$2:$2,0)),0) -> 0 | K28: =IFERROR(INDEX('[1]2024'!$A:$Q,MATCH($A$3&$D28,'[1]2024'!$B:$B,0),MATCH(K$4,'[1]2024'!$2:$2,0)),0)+IFERROR(INDEX('[1]2024'!$A:$Q,MATCH($B$3&$D28,'[1]2024'!$B:$B,0),MATCH(K$4,'[1]2024'!$2:$2,0)),0)++IFERROR(INDEX('[1]2024'!$A:$Q,MATCH($C$3&$D28,'[1]2024'!$B:$B,0),MATCH(K$4,'[1]2024'!$2:$2,0)),0)++IFERROR(INDEX('[1]2024'!$A:$Q,MATCH($D$3&$D28,'[1]2024'!$B:$B,0),MATCH(K$4,'[1]2024'!$2:$2,0)),0) -> 0 | L28: =IFERROR(INDEX('[1]2024'!$A:$Q,MATCH($A$3&$D28,'[1]2024'!$B:$B,0),MATCH(L$4,'[1]2024'!$2:$2,0)),0)+IFERROR(INDEX('[1]2024'!$A:$Q,MATCH($B$3&$D28,'[1]2024'!$B:$B,0),MATCH(L$4,'[1]2024'!$2:$2,0)),0)++IFERROR(INDEX('[1]2024'!$A:$Q,MATCH($C$3&$D28,'[1]2024'!$B:$B,0),MATCH(L$4,'[1]2024'!$2:$2,0)),0)++IFERROR(INDEX('[1]2024'!$A:$Q,MATCH($D$3&$D28,'[1]2024'!$B:$B,0),MATCH(L$4,'[1]2024'!$2:$2,0)),0) -> 0 | M28: =IFERROR(INDEX('[1]2024'!$A:$Q,MATCH($A$3&$D28,'[1]2024'!$B:$B,0),MATCH(M$4,'[1]2024'!$2:$2,0)),0)+IFERROR(INDEX('[1]2024'!$A:$Q,MATCH($B$3&$D28,'[1]2024'!$B:$B,0),MATCH(M$4,'[1]2024'!$2:$2,0)),0)++IFERROR(INDEX('[1]2024'!$A:$Q,MATCH($C$3&$D28,'[1]2024'!$B:$B,0),MATCH(M$4,'[1]2024'!$2:$2,0)),0)++IFERROR(INDEX('[1]2024'!$A:$Q,MATCH($D$3&$D28,'[1]2024'!$B:$B,0),MATCH(M$4,'[1]2024'!$2:$2,0)),0) -> 0 | N28: =IFERROR(INDEX('[1]2024'!$A:$Q,MATCH($A$3&$D28,'[1]2024'!$B:$B,0),MATCH(N$4,'[1]2024'!$2:$2,0)),0)+IFERROR(INDEX('[1]2024'!$A:$Q,MATCH($B$3&$D28,'[1]2024'!$B:$B,0),MATCH(N$4,'[1]2024'!$2:$2,0)),0)++IFERROR(INDEX('[1]2024'!$A:$Q,MATCH($C$3&$D28,'[1]2024'!$B:$B,0),MATCH(N$4,'[1]2024'!$2:$2,0)),0)++IFERROR(INDEX('[1]2024'!$A:$Q,MATCH($D$3&$D28,'[1]2024'!$B:$B,0),MATCH(N$4,'[1]2024'!$2:$2,0)),0) -> 0 | O28: =IFERROR(INDEX('[1]2024'!$A:$Q,MATCH($A$3&$D28,'[1]2024'!$B:$B,0),MATCH(O$4,'[1]2024'!$2:$2,0)),0)+IFERROR(INDEX('[1]2024'!$A:$Q,MATCH($B$3&$D28,'[1]2024'!$B:$B,0),MATCH(O$4,'[1]2024'!$2:$2,0)),0)++IFERROR(INDEX('[1]2024'!$A:$Q,MATCH($C$3&$D28,'[1]2024'!$B:$B,0),MATCH(O$4,'[1]2024'!$2:$2,0)),0)++IFERROR(INDEX('[1]2024'!$A:$Q,MATCH($D$3&$D28,'[1]2024'!$B:$B,0),MATCH(O$4,'[1]2024'!$2:$2,0)),0) -> 0 | ... S28: =IFERROR(INDEX('[1]2024'!$A:$Q,MATCH($A$3&$D28,'[1]2024'!$B:$B,0),MATCH(S$4,'[1]2024'!$2:$2,0)),0)+IFERROR(INDEX('[1]2024'!$A:$Q,MATCH($B$3&$D28,'[1]2024'!$B:$B,0),MATCH(S$4,'[1]2024'!$2:$2,0)),0)++IFERROR(INDEX('[1]2024'!$A:$Q,MATCH($C$3&$D28,'[1]2024'!$B:$B,0),MATCH(S$4,'[1]2024'!$2:$2,0)),0)++IFERROR(INDEX('[1]2024'!$A:$Q,MATCH($D$3&$D28,'[1]2024'!$B:$B,0),MATCH(S$4,'[1]2024'!$2:$2,0)),0) -> 0 | T28: 0 | U28: =SUM(V28:AG28) -> 0 | V28: 0 | W28: 0 | X28: 0 | Y28: 0 | Z28: 0 | AA28: 0 | AB28: 0 | AC28: 0 | AD28: 0 | AE28: 0 | AF28: 0 | AG28: 0 | AH28: =송도공장장!AH28+제조팀!AH28+송도밸리데이션팀!AH28+송도생산지원팀!AH28+송도설비관리팀!AH28 -> 91200000 | AI28: =송도공장장!AI28+제조팀!AI28+송도밸리데이션팀!AI28+송도생산지원팀!AI28+송도설비관리팀!AI28 -> 7600000 | AJ28: =송도공장장!AJ28+제조팀!AJ28+송도밸리데이션팀!AJ28+송도생산지원팀!AJ28+송도설비관리팀!AJ28 -> 7600000 | AK28: =송도공장장!AK28+제조팀!AK28+송도밸리데이션팀!AK28+송도생산지원팀!AK28+송도설비관리팀!AK28 -> 7600000 | AL28: =송도공장장!AL28+제조팀!AL28+송도밸리데이션팀!AL28+송도생산지원팀!AL28+송도설비관리팀!AL28 -> 7600000 | AM28: =송도공장장!AM28+제조팀!AM28+송도밸리데이션팀!AM28+송도생산지원팀!AM28+송도설비관리팀!AM28 -> 7600000 | AN28: =송도공장장!AN28+제조팀!AN28+송도밸리데이션팀!AN28+송도생산지원팀!AN28+송도설비관리팀!AN28 -> 7600000 | AO28: =송도공장장!AO28+제조팀!AO28+송도밸리데이션팀!AO28+송도생산지원팀!AO28+송도설비관리팀!AO28 -> 7600000 | ... AT28: =송도공장장!AT28+제조팀!AT28+송도밸리데이션팀!AT28+송도생산지원팀!AT28+송도설비관리팀!AT28 -> 7600000 | AU28: =SUM(AI28:AK28) -> 22800000 | AV28: =SUM(AL28:AN28) -> 22800000 | AW28: =SUM(AO28:AQ28) -> 22800000 | AX28: =SUM(AR28:AT28) -> 22800000 | AY28: =IF($BC28="O",1.05*$AH28,$AH28) -> 91200000 | AZ28: =IF($BC28="O",1.05*$AY28,$AY28) -> 91200000 | BA28: =IF($BC28="O",1.05*$AZ28,$AZ28) -> 91200000 | BC28: X | BE28: 0 | BF28: 0 | BG28: 0 | BH28: =G28 -> 0
A29: 복리후생비-직원이전비(제조) | B29: 직원이전비(제조) | C29: 고정비 | D29: 5103250 | E29: BT307 | F29: 0 | G29: =SUM(H29:S29) -> 0 | H29: =IFERROR(INDEX('[1]2024'!$A:$Q,MATCH($A$3&$D29,'[1]2024'!$B:$B,0),MATCH(H$4,'[1]2024'!$2:$2,0)),0)+IFERROR(INDEX('[1]2024'!$A:$Q,MATCH($B$3&$D29,'[1]2024'!$B:$B,0),MATCH(H$4,'[1]2024'!$2:$2,0)),0)++IFERROR(INDEX('[1]2024'!$A:$Q,MATCH($C$3&$D29,'[1]2024'!$B:$B,0),MATCH(H$4,'[1]2024'!$2:$2,0)),0)++IFERROR(INDEX('[1]2024'!$A:$Q,MATCH($D$3&$D29,'[1]2024'!$B:$B,0),MATCH(H$4,'[1]2024'!$2:$2,0)),0) -> 0 | I29: =IFERROR(INDEX('[1]2024'!$A:$Q,MATCH($A$3&$D29,'[1]2024'!$B:$B,0),MATCH(I$4,'[1]2024'!$2:$2,0)),0)+IFERROR(INDEX('[1]2024'!$A:$Q,MATCH($B$3&$D29,'[1]2024'!$B:$B,0),MATCH(I$4,'[1]2024'!$2:$2,0)),0)++IFERROR(INDEX('[1]2024'!$A:$Q,MATCH($C$3&$D29,'[1]2024'!$B:$B,0),MATCH(I$4,'[1]2024'!$2:$2,0)),0)++IFERROR(INDEX('[1]2024'!$A:$Q,MATCH($D$3&$D29,'[1]2024'!$B:$B,0),MATCH(I$4,'[1]2024'!$2:$2,0)),0) -> 0 | J29: =IFERROR(INDEX('[1]2024'!$A:$Q,MATCH($A$3&$D29,'[1]2024'!$B:$B,0),MATCH(J$4,'[1]2024'!$2:$2,0)),0)+IFERROR(INDEX('[1]2024'!$A:$Q,MATCH($B$3&$D29,'[1]2024'!$B:$B,0),MATCH(J$4,'[1]2024'!$2:$2,0)),0)++IFERROR(INDEX('[1]2024'!$A:$Q,MATCH($C$3&$D29,'[1]2024'!$B:$B,0),MATCH(J$4,'[1]2024'!$2:$2,0)),0)++IFERROR(INDEX('[1]2024'!$A:$Q,MATCH($D$3&$D29,'[1]2024'!$B:$B,0),MATCH(J$4,'[1]2024'!$2:$2,0)),0) -> 0 | K29: =IFERROR(INDEX('[1]2024'!$A:$Q,MATCH($A$3&$D29,'[1]2024'!$B:$B,0),MATCH(K$4,'[1]2024'!$2:$2,0)),0)+IFERROR(INDEX('[1]2024'!$A:$Q,MATCH($B$3&$D29,'[1]2024'!$B:$B,0),MATCH(K$4,'[1]2024'!$2:$2,0)),0)++IFERROR(INDEX('[1]2024'!$A:$Q,MATCH($C$3&$D29,'[1]2024'!$B:$B,0),MATCH(K$4,'[1]2024'!$2:$2,0)),0)++IFERROR(INDEX('[1]2024'!$A:$Q,MATCH($D$3&$D29,'[1]2024'!$B:$B,0),MATCH(K$4,'[1]2024'!$2:$2,0)),0) -> 0 | L29: =IFERROR(INDEX('[1]2024'!$A:$Q,MATCH($A$3&$D29,'[1]2024'!$B:$B,0),MATCH(L$4,'[1]2024'!$2:$2,0)),0)+IFERROR(INDEX('[1]2024'!$A:$Q,MATCH($B$3&$D29,'[1]2024'!$B:$B,0),MATCH(L$4,'[1]2024'!$2:$2,0)),0)++IFERROR(INDEX('[1]2024'!$A:$Q,MATCH($C$3&$D29,'[1]2024'!$B:$B,0),MATCH(L$4,'[1]2024'!$2:$2,0)),0)++IFERROR(INDEX('[1]2024'!$A:$Q,MATCH($D$3&$D29,'[1]2024'!$B:$B,0),MATCH(L$4,'[1]2024'!$2:$2,0)),0) -> 0 | M29: =IFERROR(INDEX('[1]2024'!$A:$Q,MATCH($A$3&$D29,'[1]2024'!$B:$B,0),MATCH(M$4,'[1]2024'!$2:$2,0)),0)+IFERROR(INDEX('[1]2024'!$A:$Q,MATCH($B$3&$D29,'[1]2024'!$B:$B,0),MATCH(M$4,'[1]2024'!$2:$2,0)),0)++IFERROR(INDEX('[1]2024'!$A:$Q,MATCH($C$3&$D29,'[1]2024'!$B:$B,0),MATCH(M$4,'[1]2024'!$2:$2,0)),0)++IFERROR(INDEX('[1]2024'!$A:$Q,MATCH($D$3&$D29,'[1]2024'!$B:$B,0),MATCH(M$4,'[1]2024'!$2:$2,0)),0) -> 0 | N29: =IFERROR(INDEX('[1]2024'!$A:$Q,MATCH($A$3&$D29,'[1]2024'!$B:$B,0),MATCH(N$4,'[1]2024'!$2:$2,0)),0)+IFERROR(INDEX('[1]2024'!$A:$Q,MATCH($B$3&$D29,'[1]2024'!$B:$B,0),MATCH(N$4,'[1]2024'!$2:$2,0)),0)++IFERROR(INDEX('[1]2024'!$A:$Q,MATCH($C$3&$D29,'[1]2024'!$B:$B,0),MATCH(N$4,'[1]2024'!$2:$2,0)),0)++IFERROR(INDEX('[1]2024'!$A:$Q,MATCH($D$3&$D29,'[1]2024'!$B:$B,0),MATCH(N$4,'[1]2024'!$2:$2,0)),0) -> 0 | O29: =IFERROR(INDEX('[1]2024'!$A:$Q,MATCH($A$3&$D29,'[1]2024'!$B:$B,0),MATCH(O$4,'[1]2024'!$2:$2,0)),0)+IFERROR(INDEX('[1]2024'!$A:$Q,MATCH($B$3&$D29,'[1]2024'!$B:$B,0),MATCH(O$4,'[1]2024'!$2:$2,0)),0)++IFERROR(INDEX('[1]2024'!$A:$Q,MATCH($C$3&$D29,'[1]2024'!$B:$B,0),MATCH(O$4,'[1]2024'!$2:$2,0)),0)++IFERROR(INDEX('[1]2024'!$A:$Q,MATCH($D$3&$D29,'[1]2024'!$B:$B,0),MATCH(O$4,'[1]2024'!$2:$2,0)),0) -> 0 | ... S29: =IFERROR(INDEX('[1]2024'!$A:$Q,MATCH($A$3&$D29,'[1]2024'!$B:$B,0),MATCH(S$4,'[1]2024'!$2:$2,0)),0)+IFERROR(INDEX('[1]2024'!$A:$Q,MATCH($B$3&$D29,'[1]2024'!$B:$B,0),MATCH(S$4,'[1]2024'!$2:$2,0)),0)++IFERROR(INDEX('[1]2024'!$A:$Q,MATCH($C$3&$D29,'[1]2024'!$B:$B,0),MATCH(S$4,'[1]2024'!$2:$2,0)),0)++IFERROR(INDEX('[1]2024'!$A:$Q,MATCH($D$3&$D29,'[1]2024'!$B:$B,0),MATCH(S$4,'[1]2024'!$2:$2,0)),0) -> 0 | T29: 0 | U29: =SUM(V29:AG29) -> 0 | V29: 0 | W29: 0 | X29: 0 | Y29: 0 | Z29: 0 | AA29: 0 | AB29: 0 | AC29: 0 | AD29: 0 | AE29: 0 | AF29: 0 | AG29: 0 | AH29: =송도공장장!AH29+제조팀!AH29+송도밸리데이션팀!AH29+송도생산지원팀!AH29+송도설비관리팀!AH29 -> 0 | AI29: =송도공장장!AI29+제조팀!AI29+송도밸리데이션팀!AI29+송도생산지원팀!AI29+송도설비관리팀!AI29 -> 0 | AJ29: =송도공장장!AJ29+제조팀!AJ29+송도밸리데이션팀!AJ29+송도생산지원팀!AJ29+송도설비관리팀!AJ29 -> 0 | AK29: =송도공장장!AK29+제조팀!AK29+송도밸리데이션팀!AK29+송도생산지원팀!AK29+송도설비관리팀!AK29 -> 0 | AL29: =송도공장장!AL29+제조팀!AL29+송도밸리데이션팀!AL29+송도생산지원팀!AL29+송도설비관리팀!AL29 -> 0 | AM29: =송도공장장!AM29+제조팀!AM29+송도밸리데이션팀!AM29+송도생산지원팀!AM29+송도설비관리팀!AM29 -> 0 | AN29: =송도공장장!AN29+제조팀!AN29+송도밸리데이션팀!AN29+송도생산지원팀!AN29+송도설비관리팀!AN29 -> 0 | AO29: =송도공장장!AO29+제조팀!AO29+송도밸리데이션팀!AO29+송도생산지원팀!AO29+송도설비관리팀!AO29 -> 0 | ... AT29: =송도공장장!AT29+제조팀!AT29+송도밸리데이션팀!AT29+송도생산지원팀!AT29+송도설비관리팀!AT29 -> 0 | AU29: =SUM(AI29:AK29) -> 0 | AV29: =SUM(AL29:AN29) -> 0 | AW29: =SUM(AO29:AQ29) -> 0 | AX29: =SUM(AR29:AT29) -> 0 | AY29: =IF($BC29="O",1.05*$AH29,$AH29) -> 0 | AZ29: =IF($BC29="O",1.05*$AY29,$AY29) -> 0 | BA29: =IF($BC29="O",1.05*$AZ29,$AZ29) -> 0 | BC29: X | BE29: 0 | BF29: 0 | BG29: 1390000 | BH29: =G29 -> 0
A30: 복리후생비-당직비(제조) | B30: 당직비(제조) | C30: 고정비 | D30: 5103240 | E30: BT073 | F30: 0 | G30: =SUM(H30:S30) -> 0 | H30: =IFERROR(INDEX('[1]2024'!$A:$Q,MATCH($A$3&$D30,'[1]2024'!$B:$B,0),MATCH(H$4,'[1]2024'!$2:$2,0)),0)+IFERROR(INDEX('[1]2024'!$A:$Q,MATCH($B$3&$D30,'[1]2024'!$B:$B,0),MATCH(H$4,'[1]2024'!$2:$2,0)),0)++IFERROR(INDEX('[1]2024'!$A:$Q,MATCH($C$3&$D30,'[1]2024'!$B:$B,0),MATCH(H$4,'[1]2024'!$2:$2,0)),0)++IFERROR(INDEX('[1]2024'!$A:$Q,MATCH($D$3&$D30,'[1]2024'!$B:$B,0),MATCH(H$4,'[1]2024'!$2:$2,0)),0) -> 0 | I30: =IFERROR(INDEX('[1]2024'!$A:$Q,MATCH($A$3&$D30,'[1]2024'!$B:$B,0),MATCH(I$4,'[1]2024'!$2:$2,0)),0)+IFERROR(INDEX('[1]2024'!$A:$Q,MATCH($B$3&$D30,'[1]2024'!$B:$B,0),MATCH(I$4,'[1]2024'!$2:$2,0)),0)++IFERROR(INDEX('[1]2024'!$A:$Q,MATCH($C$3&$D30,'[1]2024'!$B:$B,0),MATCH(I$4,'[1]2024'!$2:$2,0)),0)++IFERROR(INDEX('[1]2024'!$A:$Q,MATCH($D$3&$D30,'[1]2024'!$B:$B,0),MATCH(I$4,'[1]2024'!$2:$2,0)),0) -> 0 | J30: =IFERROR(INDEX('[1]2024'!$A:$Q,MATCH($A$3&$D30,'[1]2024'!$B:$B,0),MATCH(J$4,'[1]2024'!$2:$2,0)),0)+IFERROR(INDEX('[1]2024'!$A:$Q,MATCH($B$3&$D30,'[1]2024'!$B:$B,0),MATCH(J$4,'[1]2024'!$2:$2,0)),0)++IFERROR(INDEX('[1]2024'!$A:$Q,MATCH($C$3&$D30,'[1]2024'!$B:$B,0),MATCH(J$4,'[1]2024'!$2:$2,0)),0)++IFERROR(INDEX('[1]2024'!$A:$Q,MATCH($D$3&$D30,'[1]2024'!$B:$B,0),MATCH(J$4,'[1]2024'!$2:$2,0)),0) -> 0 | K30: =IFERROR(INDEX('[1]2024'!$A:$Q,MATCH($A$3&$D30,'[1]2024'!$B:$B,0),MATCH(K$4,'[1]2024'!$2:$2,0)),0)+IFERROR(INDEX('[1]2024'!$A:$Q,MATCH($B$3&$D30,'[1]2024'!$B:$B,0),MATCH(K$4,'[1]2024'!$2:$2,0)),0)++IFERROR(INDEX('[1]2024'!$A:$Q,MATCH($C$3&$D30,'[1]2024'!$B:$B,0),MATCH(K$4,'[1]2024'!$2:$2,0)),0)++IFERROR(INDEX('[1]2024'!$A:$Q,MATCH($D$3&$D30,'[1]2024'!$B:$B,0),MATCH(K$4,'[1]2024'!$2:$2,0)),0) -> 0 | L30: =IFERROR(INDEX('[1]2024'!$A:$Q,MATCH($A$3&$D30,'[1]2024'!$B:$B,0),MATCH(L$4,'[1]2024'!$2:$2,0)),0)+IFERROR(INDEX('[1]2024'!$A:$Q,MATCH($B$3&$D30,'[1]2024'!$B:$B,0),MATCH(L$4,'[1]2024'!$2:$2,0)),0)++IFERROR(INDEX('[1]2024'!$A:$Q,MATCH($C$3&$D30,'[1]2024'!$B:$B,0),MATCH(L$4,'[1]2024'!$2:$2,0)),0)++IFERROR(INDEX('[1]2024'!$A:$Q,MATCH($D$3&$D30,'[1]2024'!$B:$B,0),MATCH(L$4,'[1]2024'!$2:$2,0)),0) -> 0 | M30: =IFERROR(INDEX('[1]2024'!$A:$Q,MATCH($A$3&$D30,'[1]2024'!$B:$B,0),MATCH(M$4,'[1]2024'!$2:$2,0)),0)+IFERROR(INDEX('[1]2024'!$A:$Q,MATCH($B$3&$D30,'[1]2024'!$B:$B,0),MATCH(M$4,'[1]2024'!$2:$2,0)),0)++IFERROR(INDEX('[1]2024'!$A:$Q,MATCH($C$3&$D30,'[1]2024'!$B:$B,0),MATCH(M$4,'[1]2024'!$2:$2,0)),0)++IFERROR(INDEX('[1]2024'!$A:$Q,MATCH($D$3&$D30,'[1]2024'!$B:$B,0),MATCH(M$4,'[1]2024'!$2:$2,0)),0) -> 0 | N30: =IFERROR(INDEX('[1]2024'!$A:$Q,MATCH($A$3&$D30,'[1]2024'!$B:$B,0),MATCH(N$4,'[1]2024'!$2:$2,0)),0)+IFERROR(INDEX('[1]2024'!$A:$Q,MATCH($B$3&$D30,'[1]2024'!$B:$B,0),MATCH(N$4,'[1]2024'!$2:$2,0)),0)++IFERROR(INDEX('[1]2024'!$A:$Q,MATCH($C$3&$D30,'[1]2024'!$B:$B,0),MATCH(N$4,'[1]2024'!$2:$2,0)),0)++IFERROR(INDEX('[1]2024'!$A:$Q,MATCH($D$3&$D30,'[1]2024'!$B:$B,0),MATCH(N$4,'[1]2024'!$2:$2,0)),0) -> 0 | O30: =IFERROR(INDEX('[1]2024'!$A:$Q,MATCH($A$3&$D30,'[1]2024'!$B:$B,0),MATCH(O$4,'[1]2024'!$2:$2,0)),0)+IFERROR(INDEX('[1]2024'!$A:$Q,MATCH($B$3&$D30,'[1]2024'!$B:$B,0),MATCH(O$4,'[1]2024'!$2:$2,0)),0)++IFERROR(INDEX('[1]2024'!$A:$Q,MATCH($C$3&$D30,'[1]2024'!$B:$B,0),MATCH(O$4,'[1]2024'!$2:$2,0)),0)++IFERROR(INDEX('[1]2024'!$A:$Q,MATCH($D$3&$D30,'[1]2024'!$B:$B,0),MATCH(O$4,'[1]2024'!$2:$2,0)),0) -> 0 | ... S30: =IFERROR(INDEX('[1]2024'!$A:$Q,MATCH($A$3&$D30,'[1]2024'!$B:$B,0),MATCH(S$4,'[1]2024'!$2:$2,0)),0)+IFERROR(INDEX('[1]2024'!$A:$Q,MATCH($B$3&$D30,'[1]2024'!$B:$B,0),MATCH(S$4,'[1]2024'!$2:$2,0)),0)++IFERROR(INDEX('[1]2024'!$A:$Q,MATCH($C$3&$D30,'[1]2024'!$B:$B,0),MATCH(S$4,'[1]2024'!$2:$2,0)),0)++IFERROR(INDEX('[1]2024'!$A:$Q,MATCH($D$3&$D30,'[1]2024'!$B:$B,0),MATCH(S$4,'[1]2024'!$2:$2,0)),0) -> 0 | T30: 0 | U30: =SUM(V30:AG30) -> 0 | V30: 0 | W30: 0 | X30: 0 | Y30: 0 | Z30: 0 | AA30: 0 | AB30: 0 | AC30: 0 | AD30: 0 | AE30: 0 | AF30: 0 | AG30: 0 | AH30: =송도공장장!AH30+제조팀!AH30+송도밸리데이션팀!AH30+송도생산지원팀!AH30+송도설비관리팀!AH30 -> 0 | AI30: =송도공장장!AI30+제조팀!AI30+송도밸리데이션팀!AI30+송도생산지원팀!AI30+송도설비관리팀!AI30 -> 0 | AJ30: =송도공장장!AJ30+제조팀!AJ30+송도밸리데이션팀!AJ30+송도생산지원팀!AJ30+송도설비관리팀!AJ30 -> 0 | AK30: =송도공장장!AK30+제조팀!AK30+송도밸리데이션팀!AK30+송도생산지원팀!AK30+송도설비관리팀!AK30 -> 0 | AL30: =송도공장장!AL30+제조팀!AL30+송도밸리데이션팀!AL30+송도생산지원팀!AL30+송도설비관리팀!AL30 -> 0 | AM30: =송도공장장!AM30+제조팀!AM30+송도밸리데이션팀!AM30+송도생산지원팀!AM30+송도설비관리팀!AM30 -> 0 | AN30: =송도공장장!AN30+제조팀!AN30+송도밸리데이션팀!AN30+송도생산지원팀!AN30+송도설비관리팀!AN30 -> 0 | AO30: =송도공장장!AO30+제조팀!AO30+송도밸리데이션팀!AO30+송도생산지원팀!AO30+송도설비관리팀!AO30 -> 0 | ... AT30: =송도공장장!AT30+제조팀!AT30+송도밸리데이션팀!AT30+송도생산지원팀!AT30+송도설비관리팀!AT30 -> 0 | AU30: =SUM(AI30:AK30) -> 0 | AV30: =SUM(AL30:AN30) -> 0 | AW30: =SUM(AO30:AQ30) -> 0 | AX30: =SUM(AR30:AT30) -> 0 | AY30: =IF($BC30="O",1.05*$AH30,$AH30) -> 0 | AZ30: =IF($BC30="O",1.05*$AY30,$AY30) -> 0 | BA30: =IF($BC30="O",1.05*$AZ30,$AZ30) -> 0 | BC30: X | BE30: 0 | BF30: 0 | BG30: 0 | BH30: =G30 -> 0
A31: 복리후생비-복지시설이용비(제조) | B31: 복지시설이용비(제조) | C31: 고정비 | D31: 5103230 | E31: BT106 | F31: 0 | G31: =SUM(H31:S31) -> 0 | H31: =IFERROR(INDEX('[1]2024'!$A:$Q,MATCH($A$3&$D31,'[1]2024'!$B:$B,0),MATCH(H$4,'[1]2024'!$2:$2,0)),0)+IFERROR(INDEX('[1]2024'!$A:$Q,MATCH($B$3&$D31,'[1]2024'!$B:$B,0),MATCH(H$4,'[1]2024'!$2:$2,0)),0)++IFERROR(INDEX('[1]2024'!$A:$Q,MATCH($C$3&$D31,'[1]2024'!$B:$B,0),MATCH(H$4,'[1]2024'!$2:$2,0)),0)++IFERROR(INDEX('[1]2024'!$A:$Q,MATCH($D$3&$D31,'[1]2024'!$B:$B,0),MATCH(H$4,'[1]2024'!$2:$2,0)),0) -> 0 | I31: =IFERROR(INDEX('[1]2024'!$A:$Q,MATCH($A$3&$D31,'[1]2024'!$B:$B,0),MATCH(I$4,'[1]2024'!$2:$2,0)),0)+IFERROR(INDEX('[1]2024'!$A:$Q,MATCH($B$3&$D31,'[1]2024'!$B:$B,0),MATCH(I$4,'[1]2024'!$2:$2,0)),0)++IFERROR(INDEX('[1]2024'!$A:$Q,MATCH($C$3&$D31,'[1]2024'!$B:$B,0),MATCH(I$4,'[1]2024'!$2:$2,0)),0)++IFERROR(INDEX('[1]2024'!$A:$Q,MATCH($D$3&$D31,'[1]2024'!$B:$B,0),MATCH(I$4,'[1]2024'!$2:$2,0)),0) -> 0 | J31: =IFERROR(INDEX('[1]2024'!$A:$Q,MATCH($A$3&$D31,'[1]2024'!$B:$B,0),MATCH(J$4,'[1]2024'!$2:$2,0)),0)+IFERROR(INDEX('[1]2024'!$A:$Q,MATCH($B$3&$D31,'[1]2024'!$B:$B,0),MATCH(J$4,'[1]2024'!$2:$2,0)),0)++IFERROR(INDEX('[1]2024'!$A:$Q,MATCH($C$3&$D31,'[1]2024'!$B:$B,0),MATCH(J$4,'[1]2024'!$2:$2,0)),0)++IFERROR(INDEX('[1]2024'!$A:$Q,MATCH($D$3&$D31,'[1]2024'!$B:$B,0),MATCH(J$4,'[1]2024'!$2:$2,0)),0) -> 0 | K31: =IFERROR(INDEX('[1]2024'!$A:$Q,MATCH($A$3&$D31,'[1]2024'!$B:$B,0),MATCH(K$4,'[1]2024'!$2:$2,0)),0)+IFERROR(INDEX('[1]2024'!$A:$Q,MATCH($B$3&$D31,'[1]2024'!$B:$B,0),MATCH(K$4,'[1]2024'!$2:$2,0)),0)++IFERROR(INDEX('[1]2024'!$A:$Q,MATCH($C$3&$D31,'[1]2024'!$B:$B,0),MATCH(K$4,'[1]2024'!$2:$2,0)),0)++IFERROR(INDEX('[1]2024'!$A:$Q,MATCH($D$3&$D31,'[1]2024'!$B:$B,0),MATCH(K$4,'[1]2024'!$2:$2,0)),0) -> 0 | L31: =IFERROR(INDEX('[1]2024'!$A:$Q,MATCH($A$3&$D31,'[1]2024'!$B:$B,0),MATCH(L$4,'[1]2024'!$2:$2,0)),0)+IFERROR(INDEX('[1]2024'!$A:$Q,MATCH($B$3&$D31,'[1]2024'!$B:$B,0),MATCH(L$4,'[1]2024'!$2:$2,0)),0)++IFERROR(INDEX('[1]2024'!$A:$Q,MATCH($C$3&$D31,'[1]2024'!$B:$B,0),MATCH(L$4,'[1]2024'!$2:$2,0)),0)++IFERROR(INDEX('[1]2024'!$A:$Q,MATCH($D$3&$D31,'[1]2024'!$B:$B,0),MATCH(L$4,'[1]2024'!$2:$2,0)),0) -> 0 | M31: =IFERROR(INDEX('[1]2024'!$A:$Q,MATCH($A$3&$D31,'[1]2024'!$B:$B,0),MATCH(M$4,'[1]2024'!$2:$2,0)),0)+IFERROR(INDEX('[1]2024'!$A:$Q,MATCH($B$3&$D31,'[1]2024'!$B:$B,0),MATCH(M$4,'[1]2024'!$2:$2,0)),0)++IFERROR(INDEX('[1]2024'!$A:$Q,MATCH($C$3&$D31,'[1]2024'!$B:$B,0),MATCH(M$4,'[1]2024'!$2:$2,0)),0)++IFERROR(INDEX('[1]2024'!$A:$Q,MATCH($D$3&$D31,'[1]2024'!$B:$B,0),MATCH(M$4,'[1]2024'!$2:$2,0)),0) -> 0 | N31: =IFERROR(INDEX('[1]2024'!$A:$Q,MATCH($A$3&$D31,'[1]2024'!$B:$B,0),MATCH(N$4,'[1]2024'!$2:$2,0)),0)+IFERROR(INDEX('[1]2024'!$A:$Q,MATCH($B$3&$D31,'[1]2024'!$B:$B,0),MATCH(N$4,'[1]2024'!$2:$2,0)),0)++IFERROR(INDEX('[1]2024'!$A:$Q,MATCH($C$3&$D31,'[1]2024'!$B:$B,0),MATCH(N$4,'[1]2024'!$2:$2,0)),0)++IFERROR(INDEX('[1]2024'!$A:$Q,MATCH($D$3&$D31,'[1]2024'!$B:$B,0),MATCH(N$4,'[1]2024'!$2:$2,0)),0) -> 0 | O31: =IFERROR(INDEX('[1]2024'!$A:$Q,MATCH($A$3&$D31,'[1]2024'!$B:$B,0),MATCH(O$4,'[1]2024'!$2:$2,0)),0)+IFERROR(INDEX('[1]2024'!$A:$Q,MATCH($B$3&$D31,'[1]2024'!$B:$B,0),MATCH(O$4,'[1]2024'!$2:$2,0)),0)++IFERROR(INDEX('[1]2024'!$A:$Q,MATCH($C$3&$D31,'[1]2024'!$B:$B,0),MATCH(O$4,'[1]2024'!$2:$2,0)),0)++IFERROR(INDEX('[1]2024'!$A:$Q,MATCH($D$3&$D31,'[1]2024'!$B:$B,0),MATCH(O$4,'[1]2024'!$2:$2,0)),0) -> 0 | ... S31: =IFERROR(INDEX('[1]2024'!$A:$Q,MATCH($A$3&$D31,'[1]2024'!$B:$B,0),MATCH(S$4,'[1]2024'!$2:$2,0)),0)+IFERROR(INDEX('[1]2024'!$A:$Q,MATCH($B$3&$D31,'[1]2024'!$B:$B,0),MATCH(S$4,'[1]2024'!$2:$2,0)),0)++IFERROR(INDEX('[1]2024'!$A:$Q,MATCH($C$3&$D31,'[1]2024'!$B:$B,0),MATCH(S$4,'[1]2024'!$2:$2,0)),0)++IFERROR(INDEX('[1]2024'!$A:$Q,MATCH($D$3&$D31,'[1]2024'!$B:$B,0),MATCH(S$4,'[1]2024'!$2:$2,0)),0) -> 0 | T31: 0 | U31: =SUM(V31:AG31) -> 0 | V31: 0 | W31: 0 | X31: 0 | Y31: 0 | Z31: 0 | AA31: 0 | AB31: 0 | AC31: 0 | AD31: 0 | AE31: 0 | AF31: 0 | AG31: 0 | AH31: =송도공장장!AH31+제조팀!AH31+송도밸리데이션팀!AH31+송도생산지원팀!AH31+송도설비관리팀!AH31 -> 0 | AI31: =송도공장장!AI31+제조팀!AI31+송도밸리데이션팀!AI31+송도생산지원팀!AI31+송도설비관리팀!AI31 -> 0 | AJ31: =송도공장장!AJ31+제조팀!AJ31+송도밸리데이션팀!AJ31+송도생산지원팀!AJ31+송도설비관리팀!AJ31 -> 0 | AK31: =송도공장장!AK31+제조팀!AK31+송도밸리데이션팀!AK31+송도생산지원팀!AK31+송도설비관리팀!AK31 -> 0 | AL31: =송도공장장!AL31+제조팀!AL31+송도밸리데이션팀!AL31+송도생산지원팀!AL31+송도설비관리팀!AL31 -> 0 | AM31: =송도공장장!AM31+제조팀!AM31+송도밸리데이션팀!AM31+송도생산지원팀!AM31+송도설비관리팀!AM31 -> 0 | AN31: =송도공장장!AN31+제조팀!AN31+송도밸리데이션팀!AN31+송도생산지원팀!AN31+송도설비관리팀!AN31 -> 0 | AO31: =송도공장장!AO31+제조팀!AO31+송도밸리데이션팀!AO31+송도생산지원팀!AO31+송도설비관리팀!AO31 -> 0 | ... AT31: =송도공장장!AT31+제조팀!AT31+송도밸리데이션팀!AT31+송도생산지원팀!AT31+송도설비관리팀!AT31 -> 0 | AU31: =SUM(AI31:AK31) -> 0 | AV31: =SUM(AL31:AN31) -> 0 | AW31: =SUM(AO31:AQ31) -> 0 | AX31: =SUM(AR31:AT31) -> 0 | AY31: =IF($BC31="O",1.05*$AH31,$AH31) -> 0 | AZ31: =IF($BC31="O",1.05*$AY31,$AY31) -> 0 | BA31: =IF($BC31="O",1.05*$AZ31,$AZ31) -> 0 | BC31: X | BE31: 0 | BF31: 0 | BG31: 0 | BH31: =G31 -> 0
A32: 복리후생비-후생비(제조) | B32: 후생비 | C32: 고정비 | D32: 5103220 | E32: BT386 | F32: 0 | G32: =SUM(H32:S32) -> 0 | H32: =IFERROR(INDEX('[1]2024'!$A:$Q,MATCH($A$3&$D32,'[1]2024'!$B:$B,0),MATCH(H$4,'[1]2024'!$2:$2,0)),0)+IFERROR(INDEX('[1]2024'!$A:$Q,MATCH($B$3&$D32,'[1]2024'!$B:$B,0),MATCH(H$4,'[1]2024'!$2:$2,0)),0)++IFERROR(INDEX('[1]2024'!$A:$Q,MATCH($C$3&$D32,'[1]2024'!$B:$B,0),MATCH(H$4,'[1]2024'!$2:$2,0)),0)++IFERROR(INDEX('[1]2024'!$A:$Q,MATCH($D$3&$D32,'[1]2024'!$B:$B,0),MATCH(H$4,'[1]2024'!$2:$2,0)),0) -> 0 | I32: =IFERROR(INDEX('[1]2024'!$A:$Q,MATCH($A$3&$D32,'[1]2024'!$B:$B,0),MATCH(I$4,'[1]2024'!$2:$2,0)),0)+IFERROR(INDEX('[1]2024'!$A:$Q,MATCH($B$3&$D32,'[1]2024'!$B:$B,0),MATCH(I$4,'[1]2024'!$2:$2,0)),0)++IFERROR(INDEX('[1]2024'!$A:$Q,MATCH($C$3&$D32,'[1]2024'!$B:$B,0),MATCH(I$4,'[1]2024'!$2:$2,0)),0)++IFERROR(INDEX('[1]2024'!$A:$Q,MATCH($D$3&$D32,'[1]2024'!$B:$B,0),MATCH(I$4,'[1]2024'!$2:$2,0)),0) -> 0 | J32: =IFERROR(INDEX('[1]2024'!$A:$Q,MATCH($A$3&$D32,'[1]2024'!$B:$B,0),MATCH(J$4,'[1]2024'!$2:$2,0)),0)+IFERROR(INDEX('[1]2024'!$A:$Q,MATCH($B$3&$D32,'[1]2024'!$B:$B,0),MATCH(J$4,'[1]2024'!$2:$2,0)),0)++IFERROR(INDEX('[1]2024'!$A:$Q,MATCH($C$3&$D32,'[1]2024'!$B:$B,0),MATCH(J$4,'[1]2024'!$2:$2,0)),0)++IFERROR(INDEX('[1]2024'!$A:$Q,MATCH($D$3&$D32,'[1]2024'!$B:$B,0),MATCH(J$4,'[1]2024'!$2:$2,0)),0) -> 0 | K32: =IFERROR(INDEX('[1]2024'!$A:$Q,MATCH($A$3&$D32,'[1]2024'!$B:$B,0),MATCH(K$4,'[1]2024'!$2:$2,0)),0)+IFERROR(INDEX('[1]2024'!$A:$Q,MATCH($B$3&$D32,'[1]2024'!$B:$B,0),MATCH(K$4,'[1]2024'!$2:$2,0)),0)++IFERROR(INDEX('[1]2024'!$A:$Q,MATCH($C$3&$D32,'[1]2024'!$B:$B,0),MATCH(K$4,'[1]2024'!$2:$2,0)),0)++IFERROR(INDEX('[1]2024'!$A:$Q,MATCH($D$3&$D32,'[1]2024'!$B:$B,0),MATCH(K$4,'[1]2024'!$2:$2,0)),0) -> 0 | L32: =IFERROR(INDEX('[1]2024'!$A:$Q,MATCH($A$3&$D32,'[1]2024'!$B:$B,0),MATCH(L$4,'[1]2024'!$2:$2,0)),0)+IFERROR(INDEX('[1]2024'!$A:$Q,MATCH($B$3&$D32,'[1]2024'!$B:$B,0),MATCH(L$4,'[1]2024'!$2:$2,0)),0)++IFERROR(INDEX('[1]2024'!$A:$Q,MATCH($C$3&$D32,'[1]2024'!$B:$B,0),MATCH(L$4,'[1]2024'!$2:$2,0)),0)++IFERROR(INDEX('[1]2024'!$A:$Q,MATCH($D$3&$D32,'[1]2024'!$B:$B,0),MATCH(L$4,'[1]2024'!$2:$2,0)),0) -> 0 | M32: =IFERROR(INDEX('[1]2024'!$A:$Q,MATCH($A$3&$D32,'[1]2024'!$B:$B,0),MATCH(M$4,'[1]2024'!$2:$2,0)),0)+IFERROR(INDEX('[1]2024'!$A:$Q,MATCH($B$3&$D32,'[1]2024'!$B:$B,0),MATCH(M$4,'[1]2024'!$2:$2,0)),0)++IFERROR(INDEX('[1]2024'!$A:$Q,MATCH($C$3&$D32,'[1]2024'!$B:$B,0),MATCH(M$4,'[1]2024'!$2:$2,0)),0)++IFERROR(INDEX('[1]2024'!$A:$Q,MATCH($D$3&$D32,'[1]2024'!$B:$B,0),MATCH(M$4,'[1]2024'!$2:$2,0)),0) -> 0 | N32: =IFERROR(INDEX('[1]2024'!$A:$Q,MATCH($A$3&$D32,'[1]2024'!$B:$B,0),MATCH(N$4,'[1]2024'!$2:$2,0)),0)+IFERROR(INDEX('[1]2024'!$A:$Q,MATCH($B$3&$D32,'[1]2024'!$B:$B,0),MATCH(N$4,'[1]2024'!$2:$2,0)),0)++IFERROR(INDEX('[1]2024'!$A:$Q,MATCH($C$3&$D32,'[1]2024'!$B:$B,0),MATCH(N$4,'[1]2024'!$2:$2,0)),0)++IFERROR(INDEX('[1]2024'!$A:$Q,MATCH($D$3&$D32,'[1]2024'!$B:$B,0),MATCH(N$4,'[1]2024'!$2:$2,0)),0) -> 0 | O32: =IFERROR(INDEX('[1]2024'!$A:$Q,MATCH($A$3&$D32,'[1]2024'!$B:$B,0),MATCH(O$4,'[1]2024'!$2:$2,0)),0)+IFERROR(INDEX('[1]2024'!$A:$Q,MATCH($B$3&$D32,'[1]2024'!$B:$B,0),MATCH(O$4,'[1]2024'!$2:$2,0)),0)++IFERROR(INDEX('[1]2024'!$A:$Q,MATCH($C$3&$D32,'[1]2024'!$B:$B,0),MATCH(O$4,'[1]2024'!$2:$2,0)),0)++IFERROR(INDEX('[1]2024'!$A:$Q,MATCH($D$3&$D32,'[1]2024'!$B:$B,0),MATCH(O$4,'[1]2024'!$2:$2,0)),0) -> 0 | ... S32: =IFERROR(INDEX('[1]2024'!$A:$Q,MATCH($A$3&$D32,'[1]2024'!$B:$B,0),MATCH(S$4,'[1]2024'!$2:$2,0)),0)+IFERROR(INDEX('[1]2024'!$A:$Q,MATCH($B$3&$D32,'[1]2024'!$B:$B,0),MATCH(S$4,'[1]2024'!$2:$2,0)),0)++IFERROR(INDEX('[1]2024'!$A:$Q,MATCH($C$3&$D32,'[1]2024'!$B:$B,0),MATCH(S$4,'[1]2024'!$2:$2,0)),0)++IFERROR(INDEX('[1]2024'!$A:$Q,MATCH($D$3&$D32,'[1]2024'!$B:$B,0),MATCH(S$4,'[1]2024'!$2:$2,0)),0) -> 0 | T32: 0 | U32: =SUM(V32:AG32) -> 0 | V32: 0 | W32: 0 | X32: 0 | Y32: 0 | Z32: 0 | AA32: 0 | AB32: 0 | AC32: 0 | AD32: 0 | AE32: 0 | AF32: 0 | AG32: 0 | AH32: =송도공장장!AH32+제조팀!AH32+송도밸리데이션팀!AH32+송도생산지원팀!AH32+송도설비관리팀!AH32 -> 48000000 | AI32: =송도공장장!AI32+제조팀!AI32+송도밸리데이션팀!AI32+송도생산지원팀!AI32+송도설비관리팀!AI32 -> 4000000 | AJ32: =송도공장장!AJ32+제조팀!AJ32+송도밸리데이션팀!AJ32+송도생산지원팀!AJ32+송도설비관리팀!AJ32 -> 4000000 | AK32: =송도공장장!AK32+제조팀!AK32+송도밸리데이션팀!AK32+송도생산지원팀!AK32+송도설비관리팀!AK32 -> 4000000 | AL32: =송도공장장!AL32+제조팀!AL32+송도밸리데이션팀!AL32+송도생산지원팀!AL32+송도설비관리팀!AL32 -> 4000000 | AM32: =송도공장장!AM32+제조팀!AM32+송도밸리데이션팀!AM32+송도생산지원팀!AM32+송도설비관리팀!AM32 -> 4000000 | AN32: =송도공장장!AN32+제조팀!AN32+송도밸리데이션팀!AN32+송도생산지원팀!AN32+송도설비관리팀!AN32 -> 4000000 | AO32: =송도공장장!AO32+제조팀!AO32+송도밸리데이션팀!AO32+송도생산지원팀!AO32+송도설비관리팀!AO32 -> 4000000 | ... AT32: =송도공장장!AT32+제조팀!AT32+송도밸리데이션팀!AT32+송도생산지원팀!AT32+송도설비관리팀!AT32 -> 4000000 | AU32: =SUM(AI32:AK32) -> 12000000 | AV32: =SUM(AL32:AN32) -> 12000000 | AW32: =SUM(AO32:AQ32) -> 12000000 | AX32: =SUM(AR32:AT32) -> 12000000 | AY32: =IF($BC32="O",1.05*$AH32,$AH32) -> 48000000 | AZ32: =IF($BC32="O",1.05*$AY32,$AY32) -> 48000000 | BA32: =IF($BC32="O",1.05*$AZ32,$AZ32) -> 48000000 | BC32: X | BE32: 0 | BF32: 0 | BG32: 0 | BH32: =G32 -> 0
A33: 복리후생비-사내경조비(제조) | B33: 복리후생비-사내경조비(제조) | C33: 고정비 | D33: 5103210 | E33: BT111 | F33: 800000 | G33: =SUM(H33:S33) -> 550000 | H33: =IFERROR(INDEX('[1]2024'!$A:$Q,MATCH($A$3&$D33,'[1]2024'!$B:$B,0),MATCH(H$4,'[1]2024'!$2:$2,0)),0)+IFERROR(INDEX('[1]2024'!$A:$Q,MATCH($B$3&$D33,'[1]2024'!$B:$B,0),MATCH(H$4,'[1]2024'!$2:$2,0)),0)++IFERROR(INDEX('[1]2024'!$A:$Q,MATCH($C$3&$D33,'[1]2024'!$B:$B,0),MATCH(H$4,'[1]2024'!$2:$2,0)),0)++IFERROR(INDEX('[1]2024'!$A:$Q,MATCH($D$3&$D33,'[1]2024'!$B:$B,0),MATCH(H$4,'[1]2024'!$2:$2,0)),0) -> 50000 | I33: =IFERROR(INDEX('[1]2024'!$A:$Q,MATCH($A$3&$D33,'[1]2024'!$B:$B,0),MATCH(I$4,'[1]2024'!$2:$2,0)),0)+IFERROR(INDEX('[1]2024'!$A:$Q,MATCH($B$3&$D33,'[1]2024'!$B:$B,0),MATCH(I$4,'[1]2024'!$2:$2,0)),0)++IFERROR(INDEX('[1]2024'!$A:$Q,MATCH($C$3&$D33,'[1]2024'!$B:$B,0),MATCH(I$4,'[1]2024'!$2:$2,0)),0)++IFERROR(INDEX('[1]2024'!$A:$Q,MATCH($D$3&$D33,'[1]2024'!$B:$B,0),MATCH(I$4,'[1]2024'!$2:$2,0)),0) -> 0 | J33: =IFERROR(INDEX('[1]2024'!$A:$Q,MATCH($A$3&$D33,'[1]2024'!$B:$B,0),MATCH(J$4,'[1]2024'!$2:$2,0)),0)+IFERROR(INDEX('[1]2024'!$A:$Q,MATCH($B$3&$D33,'[1]2024'!$B:$B,0),MATCH(J$4,'[1]2024'!$2:$2,0)),0)++IFERROR(INDEX('[1]2024'!$A:$Q,MATCH($C$3&$D33,'[1]2024'!$B:$B,0),MATCH(J$4,'[1]2024'!$2:$2,0)),0)++IFERROR(INDEX('[1]2024'!$A:$Q,MATCH($D$3&$D33,'[1]2024'!$B:$B,0),MATCH(J$4,'[1]2024'!$2:$2,0)),0) -> 0 | K33: =IFERROR(INDEX('[1]2024'!$A:$Q,MATCH($A$3&$D33,'[1]2024'!$B:$B,0),MATCH(K$4,'[1]2024'!$2:$2,0)),0)+IFERROR(INDEX('[1]2024'!$A:$Q,MATCH($B$3&$D33,'[1]2024'!$B:$B,0),MATCH(K$4,'[1]2024'!$2:$2,0)),0)++IFERROR(INDEX('[1]2024'!$A:$Q,MATCH($C$3&$D33,'[1]2024'!$B:$B,0),MATCH(K$4,'[1]2024'!$2:$2,0)),0)++IFERROR(INDEX('[1]2024'!$A:$Q,MATCH($D$3&$D33,'[1]2024'!$B:$B,0),MATCH(K$4,'[1]2024'!$2:$2,0)),0) -> 0 | L33: =IFERROR(INDEX('[1]2024'!$A:$Q,MATCH($A$3&$D33,'[1]2024'!$B:$B,0),MATCH(L$4,'[1]2024'!$2:$2,0)),0)+IFERROR(INDEX('[1]2024'!$A:$Q,MATCH($B$3&$D33,'[1]2024'!$B:$B,0),MATCH(L$4,'[1]2024'!$2:$2,0)),0)++IFERROR(INDEX('[1]2024'!$A:$Q,MATCH($C$3&$D33,'[1]2024'!$B:$B,0),MATCH(L$4,'[1]2024'!$2:$2,0)),0)++IFERROR(INDEX('[1]2024'!$A:$Q,MATCH($D$3&$D33,'[1]2024'!$B:$B,0),MATCH(L$4,'[1]2024'!$2:$2,0)),0) -> 50000 | M33: =IFERROR(INDEX('[1]2024'!$A:$Q,MATCH($A$3&$D33,'[1]2024'!$B:$B,0),MATCH(M$4,'[1]2024'!$2:$2,0)),0)+IFERROR(INDEX('[1]2024'!$A:$Q,MATCH($B$3&$D33,'[1]2024'!$B:$B,0),MATCH(M$4,'[1]2024'!$2:$2,0)),0)++IFERROR(INDEX('[1]2024'!$A:$Q,MATCH($C$3&$D33,'[1]2024'!$B:$B,0),MATCH(M$4,'[1]2024'!$2:$2,0)),0)++IFERROR(INDEX('[1]2024'!$A:$Q,MATCH($D$3&$D33,'[1]2024'!$B:$B,0),MATCH(M$4,'[1]2024'!$2:$2,0)),0) -> 100000 | N33: =IFERROR(INDEX('[1]2024'!$A:$Q,MATCH($A$3&$D33,'[1]2024'!$B:$B,0),MATCH(N$4,'[1]2024'!$2:$2,0)),0)+IFERROR(INDEX('[1]2024'!$A:$Q,MATCH($B$3&$D33,'[1]2024'!$B:$B,0),MATCH(N$4,'[1]2024'!$2:$2,0)),0)++IFERROR(INDEX('[1]2024'!$A:$Q,MATCH($C$3&$D33,'[1]2024'!$B:$B,0),MATCH(N$4,'[1]2024'!$2:$2,0)),0)++IFERROR(INDEX('[1]2024'!$A:$Q,MATCH($D$3&$D33,'[1]2024'!$B:$B,0),MATCH(N$4,'[1]2024'!$2:$2,0)),0) -> 0 | O33: =IFERROR(INDEX('[1]2024'!$A:$Q,MATCH($A$3&$D33,'[1]2024'!$B:$B,0),MATCH(O$4,'[1]2024'!$2:$2,0)),0)+IFERROR(INDEX('[1]2024'!$A:$Q,MATCH($B$3&$D33,'[1]2024'!$B:$B,0),MATCH(O$4,'[1]2024'!$2:$2,0)),0)++IFERROR(INDEX('[1]2024'!$A:$Q,MATCH($C$3&$D33,'[1]2024'!$B:$B,0),MATCH(O$4,'[1]2024'!$2:$2,0)),0)++IFERROR(INDEX('[1]2024'!$A:$Q,MATCH($D$3&$D33,'[1]2024'!$B:$B,0),MATCH(O$4,'[1]2024'!$2:$2,0)),0) -> 50000 | ... S33: =IFERROR(INDEX('[1]2024'!$A:$Q,MATCH($A$3&$D33,'[1]2024'!$B:$B,0),MATCH(S$4,'[1]2024'!$2:$2,0)),0)+IFERROR(INDEX('[1]2024'!$A:$Q,MATCH($B$3&$D33,'[1]2024'!$B:$B,0),MATCH(S$4,'[1]2024'!$2:$2,0)),0)++IFERROR(INDEX('[1]2024'!$A:$Q,MATCH($C$3&$D33,'[1]2024'!$B:$B,0),MATCH(S$4,'[1]2024'!$2:$2,0)),0)++IFERROR(INDEX('[1]2024'!$A:$Q,MATCH($D$3&$D33,'[1]2024'!$B:$B,0),MATCH(S$4,'[1]2024'!$2:$2,0)),0) -> 0 | T33: 800000 | U33: =SUM(V33:AG33) -> 566667 | V33: 0 | W33: 0 | X33: 50000 | Y33: 50000 | Z33: 0 | AA33: 66667 | AB33: 66666 | AC33: 66667 | AD33: 66667 | AE33: 66666 | AF33: 66667 | AG33: 66667 | AH33: =송도공장장!AH33+제조팀!AH33+송도밸리데이션팀!AH33+송도생산지원팀!AH33+송도설비관리팀!AH33 -> 4960000 | AI33: =송도공장장!AI33+제조팀!AI33+송도밸리데이션팀!AI33+송도생산지원팀!AI33+송도설비관리팀!AI33 -> 330000 | AJ33: =송도공장장!AJ33+제조팀!AJ33+송도밸리데이션팀!AJ33+송도생산지원팀!AJ33+송도설비관리팀!AJ33 -> 330000 | AK33: =송도공장장!AK33+제조팀!AK33+송도밸리데이션팀!AK33+송도생산지원팀!AK33+송도설비관리팀!AK33 -> 580000 | AL33: =송도공장장!AL33+제조팀!AL33+송도밸리데이션팀!AL33+송도생산지원팀!AL33+송도설비관리팀!AL33 -> 330000 | AM33: =송도공장장!AM33+제조팀!AM33+송도밸리데이션팀!AM33+송도생산지원팀!AM33+송도설비관리팀!AM33 -> 330000 | AN33: =송도공장장!AN33+제조팀!AN33+송도밸리데이션팀!AN33+송도생산지원팀!AN33+송도설비관리팀!AN33 -> 580000 | AO33: =송도공장장!AO33+제조팀!AO33+송도밸리데이션팀!AO33+송도생산지원팀!AO33+송도설비관리팀!AO33 -> 330000 | ... AT33: =송도공장장!AT33+제조팀!AT33+송도밸리데이션팀!AT33+송도생산지원팀!AT33+송도설비관리팀!AT33 -> 580000 | AU33: =SUM(AI33:AK33) -> 1240000 | AV33: =SUM(AL33:AN33) -> 1240000 | AW33: =SUM(AO33:AQ33) -> 1240000 | AX33: =SUM(AR33:AT33) -> 1240000 | AY33: =IF($BC33="O",1.05*$AH33,$AH33) -> 4960000 | AZ33: =IF($BC33="O",1.05*$AY33,$AY33) -> 4960000 | BA33: =IF($BC33="O",1.05*$AZ33,$AZ33) -> 4960000 | BC33: X | BE33: 0 | BF33: 700000 | BG33: 550000 | BH33: =G33 -> 550000
A34: 복리후생비-지원보조비(제조) | B34: 준인건비(기본) | C34: 고정비 | D34: 5103190 | E34: BT289 | F34: 1320000 | G34: =SUM(H34:S34) -> 1200500 | H34: =IFERROR(INDEX('[1]2024'!$A:$Q,MATCH($A$3&$D34,'[1]2024'!$B:$B,0),MATCH(H$4,'[1]2024'!$2:$2,0)),0)+IFERROR(INDEX('[1]2024'!$A:$Q,MATCH($B$3&$D34,'[1]2024'!$B:$B,0),MATCH(H$4,'[1]2024'!$2:$2,0)),0)++IFERROR(INDEX('[1]2024'!$A:$Q,MATCH($C$3&$D34,'[1]2024'!$B:$B,0),MATCH(H$4,'[1]2024'!$2:$2,0)),0)++IFERROR(INDEX('[1]2024'!$A:$Q,MATCH($D$3&$D34,'[1]2024'!$B:$B,0),MATCH(H$4,'[1]2024'!$2:$2,0)),0) -> 106690 | I34: =IFERROR(INDEX('[1]2024'!$A:$Q,MATCH($A$3&$D34,'[1]2024'!$B:$B,0),MATCH(I$4,'[1]2024'!$2:$2,0)),0)+IFERROR(INDEX('[1]2024'!$A:$Q,MATCH($B$3&$D34,'[1]2024'!$B:$B,0),MATCH(I$4,'[1]2024'!$2:$2,0)),0)++IFERROR(INDEX('[1]2024'!$A:$Q,MATCH($C$3&$D34,'[1]2024'!$B:$B,0),MATCH(I$4,'[1]2024'!$2:$2,0)),0)++IFERROR(INDEX('[1]2024'!$A:$Q,MATCH($D$3&$D34,'[1]2024'!$B:$B,0),MATCH(I$4,'[1]2024'!$2:$2,0)),0) -> 106690 | J34: =IFERROR(INDEX('[1]2024'!$A:$Q,MATCH($A$3&$D34,'[1]2024'!$B:$B,0),MATCH(J$4,'[1]2024'!$2:$2,0)),0)+IFERROR(INDEX('[1]2024'!$A:$Q,MATCH($B$3&$D34,'[1]2024'!$B:$B,0),MATCH(J$4,'[1]2024'!$2:$2,0)),0)++IFERROR(INDEX('[1]2024'!$A:$Q,MATCH($C$3&$D34,'[1]2024'!$B:$B,0),MATCH(J$4,'[1]2024'!$2:$2,0)),0)++IFERROR(INDEX('[1]2024'!$A:$Q,MATCH($D$3&$D34,'[1]2024'!$B:$B,0),MATCH(J$4,'[1]2024'!$2:$2,0)),0) -> 106690 | K34: =IFERROR(INDEX('[1]2024'!$A:$Q,MATCH($A$3&$D34,'[1]2024'!$B:$B,0),MATCH(K$4,'[1]2024'!$2:$2,0)),0)+IFERROR(INDEX('[1]2024'!$A:$Q,MATCH($B$3&$D34,'[1]2024'!$B:$B,0),MATCH(K$4,'[1]2024'!$2:$2,0)),0)++IFERROR(INDEX('[1]2024'!$A:$Q,MATCH($C$3&$D34,'[1]2024'!$B:$B,0),MATCH(K$4,'[1]2024'!$2:$2,0)),0)++IFERROR(INDEX('[1]2024'!$A:$Q,MATCH($D$3&$D34,'[1]2024'!$B:$B,0),MATCH(K$4,'[1]2024'!$2:$2,0)),0) -> 106690 | L34: =IFERROR(INDEX('[1]2024'!$A:$Q,MATCH($A$3&$D34,'[1]2024'!$B:$B,0),MATCH(L$4,'[1]2024'!$2:$2,0)),0)+IFERROR(INDEX('[1]2024'!$A:$Q,MATCH($B$3&$D34,'[1]2024'!$B:$B,0),MATCH(L$4,'[1]2024'!$2:$2,0)),0)++IFERROR(INDEX('[1]2024'!$A:$Q,MATCH($C$3&$D34,'[1]2024'!$B:$B,0),MATCH(L$4,'[1]2024'!$2:$2,0)),0)++IFERROR(INDEX('[1]2024'!$A:$Q,MATCH($D$3&$D34,'[1]2024'!$B:$B,0),MATCH(L$4,'[1]2024'!$2:$2,0)),0) -> 110240 | M34: =IFERROR(INDEX('[1]2024'!$A:$Q,MATCH($A$3&$D34,'[1]2024'!$B:$B,0),MATCH(M$4,'[1]2024'!$2:$2,0)),0)+IFERROR(INDEX('[1]2024'!$A:$Q,MATCH($B$3&$D34,'[1]2024'!$B:$B,0),MATCH(M$4,'[1]2024'!$2:$2,0)),0)++IFERROR(INDEX('[1]2024'!$A:$Q,MATCH($C$3&$D34,'[1]2024'!$B:$B,0),MATCH(M$4,'[1]2024'!$2:$2,0)),0)++IFERROR(INDEX('[1]2024'!$A:$Q,MATCH($D$3&$D34,'[1]2024'!$B:$B,0),MATCH(M$4,'[1]2024'!$2:$2,0)),0) -> 104480 | N34: =IFERROR(INDEX('[1]2024'!$A:$Q,MATCH($A$3&$D34,'[1]2024'!$B:$B,0),MATCH(N$4,'[1]2024'!$2:$2,0)),0)+IFERROR(INDEX('[1]2024'!$A:$Q,MATCH($B$3&$D34,'[1]2024'!$B:$B,0),MATCH(N$4,'[1]2024'!$2:$2,0)),0)++IFERROR(INDEX('[1]2024'!$A:$Q,MATCH($C$3&$D34,'[1]2024'!$B:$B,0),MATCH(N$4,'[1]2024'!$2:$2,0)),0)++IFERROR(INDEX('[1]2024'!$A:$Q,MATCH($D$3&$D34,'[1]2024'!$B:$B,0),MATCH(N$4,'[1]2024'!$2:$2,0)),0) -> 99560 | O34: =IFERROR(INDEX('[1]2024'!$A:$Q,MATCH($A$3&$D34,'[1]2024'!$B:$B,0),MATCH(O$4,'[1]2024'!$2:$2,0)),0)+IFERROR(INDEX('[1]2024'!$A:$Q,MATCH($B$3&$D34,'[1]2024'!$B:$B,0),MATCH(O$4,'[1]2024'!$2:$2,0)),0)++IFERROR(INDEX('[1]2024'!$A:$Q,MATCH($C$3&$D34,'[1]2024'!$B:$B,0),MATCH(O$4,'[1]2024'!$2:$2,0)),0)++IFERROR(INDEX('[1]2024'!$A:$Q,MATCH($D$3&$D34,'[1]2024'!$B:$B,0),MATCH(O$4,'[1]2024'!$2:$2,0)),0) -> 92840 | ... S34: =IFERROR(INDEX('[1]2024'!$A:$Q,MATCH($A$3&$D34,'[1]2024'!$B:$B,0),MATCH(S$4,'[1]2024'!$2:$2,0)),0)+IFERROR(INDEX('[1]2024'!$A:$Q,MATCH($B$3&$D34,'[1]2024'!$B:$B,0),MATCH(S$4,'[1]2024'!$2:$2,0)),0)++IFERROR(INDEX('[1]2024'!$A:$Q,MATCH($C$3&$D34,'[1]2024'!$B:$B,0),MATCH(S$4,'[1]2024'!$2:$2,0)),0)++IFERROR(INDEX('[1]2024'!$A:$Q,MATCH($D$3&$D34,'[1]2024'!$B:$B,0),MATCH(S$4,'[1]2024'!$2:$2,0)),0) -> 93690 | T34: 1253760 | U34: =SUM(V34:AG34) -> 1216370 | V34: 93560 | W34: 93560 | X34: 95720 | Y34: 97050 | Z34: 105120 | AA34: 104480 | AB34: 104480 | AC34: 104480 | AD34: 104480 | AE34: 104480 | AF34: 104480 | AG34: 104480 | AH34: =송도공장장!AH34+제조팀!AH34+송도밸리데이션팀!AH34+송도생산지원팀!AH34+송도설비관리팀!AH34 -> 3351600 | AI34: =송도공장장!AI34+제조팀!AI34+송도밸리데이션팀!AI34+송도생산지원팀!AI34+송도설비관리팀!AI34 -> 279300 | AJ34: =송도공장장!AJ34+제조팀!AJ34+송도밸리데이션팀!AJ34+송도생산지원팀!AJ34+송도설비관리팀!AJ34 -> 279300 | AK34: =송도공장장!AK34+제조팀!AK34+송도밸리데이션팀!AK34+송도생산지원팀!AK34+송도설비관리팀!AK34 -> 279300 | AL34: =송도공장장!AL34+제조팀!AL34+송도밸리데이션팀!AL34+송도생산지원팀!AL34+송도설비관리팀!AL34 -> 279300 | AM34: =송도공장장!AM34+제조팀!AM34+송도밸리데이션팀!AM34+송도생산지원팀!AM34+송도설비관리팀!AM34 -> 279300 | AN34: =송도공장장!AN34+제조팀!AN34+송도밸리데이션팀!AN34+송도생산지원팀!AN34+송도설비관리팀!AN34 -> 279300 | AO34: =송도공장장!AO34+제조팀!AO34+송도밸리데이션팀!AO34+송도생산지원팀!AO34+송도설비관리팀!AO34 -> 279300 | ... AT34: =송도공장장!AT34+제조팀!AT34+송도밸리데이션팀!AT34+송도생산지원팀!AT34+송도설비관리팀!AT34 -> 279300 | AU34: =SUM(AI34:AK34) -> 837900 | AV34: =SUM(AL34:AN34) -> 837900 | AW34: =SUM(AO34:AQ34) -> 837900 | AX34: =SUM(AR34:AT34) -> 837900 | AY34: =IF($BC34="O",1.05*$AH34,$AH34) -> 3351600 | AZ34: =IF($BC34="O",1.05*$AY34,$AY34) -> 3351600 | BA34: =IF($BC34="O",1.05*$AZ34,$AZ34) -> 3351600 | BB34: 25년 15명/ 26년 17명 / 27년 17명 / 28년 17명 / 29년 17명 | BC34: X | BD34: O | BE34: 0 | BF34: 699530 | BG34: 1221880 | BH34: =G34 -> 1200500
A35: 복리후생비-피복제비(제조) | B35: 피복제비(제조) | C35: 고정비 | D35: 5103180 | E35: BT351 | F35: 0 | G35: =SUM(H35:S35) -> 0 | H35: =IFERROR(INDEX('[1]2024'!$A:$Q,MATCH($A$3&$D35,'[1]2024'!$B:$B,0),MATCH(H$4,'[1]2024'!$2:$2,0)),0)+IFERROR(INDEX('[1]2024'!$A:$Q,MATCH($B$3&$D35,'[1]2024'!$B:$B,0),MATCH(H$4,'[1]2024'!$2:$2,0)),0)++IFERROR(INDEX('[1]2024'!$A:$Q,MATCH($C$3&$D35,'[1]2024'!$B:$B,0),MATCH(H$4,'[1]2024'!$2:$2,0)),0)++IFERROR(INDEX('[1]2024'!$A:$Q,MATCH($D$3&$D35,'[1]2024'!$B:$B,0),MATCH(H$4,'[1]2024'!$2:$2,0)),0) -> 0 | I35: =IFERROR(INDEX('[1]2024'!$A:$Q,MATCH($A$3&$D35,'[1]2024'!$B:$B,0),MATCH(I$4,'[1]2024'!$2:$2,0)),0)+IFERROR(INDEX('[1]2024'!$A:$Q,MATCH($B$3&$D35,'[1]2024'!$B:$B,0),MATCH(I$4,'[1]2024'!$2:$2,0)),0)++IFERROR(INDEX('[1]2024'!$A:$Q,MATCH($C$3&$D35,'[1]2024'!$B:$B,0),MATCH(I$4,'[1]2024'!$2:$2,0)),0)++IFERROR(INDEX('[1]2024'!$A:$Q,MATCH($D$3&$D35,'[1]2024'!$B:$B,0),MATCH(I$4,'[1]2024'!$2:$2,0)),0) -> 0 | J35: =IFERROR(INDEX('[1]2024'!$A:$Q,MATCH($A$3&$D35,'[1]2024'!$B:$B,0),MATCH(J$4,'[1]2024'!$2:$2,0)),0)+IFERROR(INDEX('[1]2024'!$A:$Q,MATCH($B$3&$D35,'[1]2024'!$B:$B,0),MATCH(J$4,'[1]2024'!$2:$2,0)),0)++IFERROR(INDEX('[1]2024'!$A:$Q,MATCH($C$3&$D35,'[1]2024'!$B:$B,0),MATCH(J$4,'[1]2024'!$2:$2,0)),0)++IFERROR(INDEX('[1]2024'!$A:$Q,MATCH($D$3&$D35,'[1]2024'!$B:$B,0),MATCH(J$4,'[1]2024'!$2:$2,0)),0) -> 0 | K35: =IFERROR(INDEX('[1]2024'!$A:$Q,MATCH($A$3&$D35,'[1]2024'!$B:$B,0),MATCH(K$4,'[1]2024'!$2:$2,0)),0)+IFERROR(INDEX('[1]2024'!$A:$Q,MATCH($B$3&$D35,'[1]2024'!$B:$B,0),MATCH(K$4,'[1]2024'!$2:$2,0)),0)++IFERROR(INDEX('[1]2024'!$A:$Q,MATCH($C$3&$D35,'[1]2024'!$B:$B,0),MATCH(K$4,'[1]2024'!$2:$2,0)),0)++IFERROR(INDEX('[1]2024'!$A:$Q,MATCH($D$3&$D35,'[1]2024'!$B:$B,0),MATCH(K$4,'[1]2024'!$2:$2,0)),0) -> 0 | L35: =IFERROR(INDEX('[1]2024'!$A:$Q,MATCH($A$3&$D35,'[1]2024'!$B:$B,0),MATCH(L$4,'[1]2024'!$2:$2,0)),0)+IFERROR(INDEX('[1]2024'!$A:$Q,MATCH($B$3&$D35,'[1]2024'!$B:$B,0),MATCH(L$4,'[1]2024'!$2:$2,0)),0)++IFERROR(INDEX('[1]2024'!$A:$Q,MATCH($C$3&$D35,'[1]2024'!$B:$B,0),MATCH(L$4,'[1]2024'!$2:$2,0)),0)++IFERROR(INDEX('[1]2024'!$A:$Q,MATCH($D$3&$D35,'[1]2024'!$B:$B,0),MATCH(L$4,'[1]2024'!$2:$2,0)),0) -> 0 | M35: =IFERROR(INDEX('[1]2024'!$A:$Q,MATCH($A$3&$D35,'[1]2024'!$B:$B,0),MATCH(M$4,'[1]2024'!$2:$2,0)),0)+IFERROR(INDEX('[1]2024'!$A:$Q,MATCH($B$3&$D35,'[1]2024'!$B:$B,0),MATCH(M$4,'[1]2024'!$2:$2,0)),0)++IFERROR(INDEX('[1]2024'!$A:$Q,MATCH($C$3&$D35,'[1]2024'!$B:$B,0),MATCH(M$4,'[1]2024'!$2:$2,0)),0)++IFERROR(INDEX('[1]2024'!$A:$Q,MATCH($D$3&$D35,'[1]2024'!$B:$B,0),MATCH(M$4,'[1]2024'!$2:$2,0)),0) -> 0 | N35: =IFERROR(INDEX('[1]2024'!$A:$Q,MATCH($A$3&$D35,'[1]2024'!$B:$B,0),MATCH(N$4,'[1]2024'!$2:$2,0)),0)+IFERROR(INDEX('[1]2024'!$A:$Q,MATCH($B$3&$D35,'[1]2024'!$B:$B,0),MATCH(N$4,'[1]2024'!$2:$2,0)),0)++IFERROR(INDEX('[1]2024'!$A:$Q,MATCH($C$3&$D35,'[1]2024'!$B:$B,0),MATCH(N$4,'[1]2024'!$2:$2,0)),0)++IFERROR(INDEX('[1]2024'!$A:$Q,MATCH($D$3&$D35,'[1]2024'!$B:$B,0),MATCH(N$4,'[1]2024'!$2:$2,0)),0) -> 0 | O35: =IFERROR(INDEX('[1]2024'!$A:$Q,MATCH($A$3&$D35,'[1]2024'!$B:$B,0),MATCH(O$4,'[1]2024'!$2:$2,0)),0)+IFERROR(INDEX('[1]2024'!$A:$Q,MATCH($B$3&$D35,'[1]2024'!$B:$B,0),MATCH(O$4,'[1]2024'!$2:$2,0)),0)++IFERROR(INDEX('[1]2024'!$A:$Q,MATCH($C$3&$D35,'[1]2024'!$B:$B,0),MATCH(O$4,'[1]2024'!$2:$2,0)),0)++IFERROR(INDEX('[1]2024'!$A:$Q,MATCH($D$3&$D35,'[1]2024'!$B:$B,0),MATCH(O$4,'[1]2024'!$2:$2,0)),0) -> 0 | ... S35: =IFERROR(INDEX('[1]2024'!$A:$Q,MATCH($A$3&$D35,'[1]2024'!$B:$B,0),MATCH(S$4,'[1]2024'!$2:$2,0)),0)+IFERROR(INDEX('[1]2024'!$A:$Q,MATCH($B$3&$D35,'[1]2024'!$B:$B,0),MATCH(S$4,'[1]2024'!$2:$2,0)),0)++IFERROR(INDEX('[1]2024'!$A:$Q,MATCH($C$3&$D35,'[1]2024'!$B:$B,0),MATCH(S$4,'[1]2024'!$2:$2,0)),0)++IFERROR(INDEX('[1]2024'!$A:$Q,MATCH($D$3&$D35,'[1]2024'!$B:$B,0),MATCH(S$4,'[1]2024'!$2:$2,0)),0) -> 0 | T35: 0 | U35: =SUM(V35:AG35) -> 0 | V35: 0 | W35: 0 | X35: 0 | Y35: 0 | Z35: 0 | AA35: 0 | AB35: 0 | AC35: 0 | AD35: 0 | AE35: 0 | AF35: 0 | AG35: 0 | AH35: =송도공장장!AH35+제조팀!AH35+송도밸리데이션팀!AH35+송도생산지원팀!AH35+송도설비관리팀!AH35 -> 3600000 | AI35: =송도공장장!AI35+제조팀!AI35+송도밸리데이션팀!AI35+송도생산지원팀!AI35+송도설비관리팀!AI35 -> 300000 | AJ35: =송도공장장!AJ35+제조팀!AJ35+송도밸리데이션팀!AJ35+송도생산지원팀!AJ35+송도설비관리팀!AJ35 -> 300000 | AK35: =송도공장장!AK35+제조팀!AK35+송도밸리데이션팀!AK35+송도생산지원팀!AK35+송도설비관리팀!AK35 -> 300000 | AL35: =송도공장장!AL35+제조팀!AL35+송도밸리데이션팀!AL35+송도생산지원팀!AL35+송도설비관리팀!AL35 -> 300000 | AM35: =송도공장장!AM35+제조팀!AM35+송도밸리데이션팀!AM35+송도생산지원팀!AM35+송도설비관리팀!AM35 -> 300000 | AN35: =송도공장장!AN35+제조팀!AN35+송도밸리데이션팀!AN35+송도생산지원팀!AN35+송도설비관리팀!AN35 -> 300000 | AO35: =송도공장장!AO35+제조팀!AO35+송도밸리데이션팀!AO35+송도생산지원팀!AO35+송도설비관리팀!AO35 -> 300000 | ... AT35: =송도공장장!AT35+제조팀!AT35+송도밸리데이션팀!AT35+송도생산지원팀!AT35+송도설비관리팀!AT35 -> 300000 | AU35: =SUM(AI35:AK35) -> 900000 | AV35: =SUM(AL35:AN35) -> 900000 | AW35: =SUM(AO35:AQ35) -> 900000 | AX35: =SUM(AR35:AT35) -> 900000 | AY35: =IF($BC35="O",1.05*$AH35,$AH35) -> 3600000 | AZ35: =IF($BC35="O",1.05*$AY35,$AY35) -> 3600000 | BA35: =IF($BC35="O",1.05*$AZ35,$AZ35) -> 3600000 | BC35: X | BE35: 0 | BF35: 0 | BG35: 0 | BH35: =G35 -> 0
A36: 복리후생비-의료위생비(제조) | B36: 의료위생비(제조) | C36: 고정비 | D36: 5103170 | E36: BT242 | F36: 0 | G36: =SUM(H36:S36) -> 0 | H36: =IFERROR(INDEX('[1]2024'!$A:$Q,MATCH($A$3&$D36,'[1]2024'!$B:$B,0),MATCH(H$4,'[1]2024'!$2:$2,0)),0)+IFERROR(INDEX('[1]2024'!$A:$Q,MATCH($B$3&$D36,'[1]2024'!$B:$B,0),MATCH(H$4,'[1]2024'!$2:$2,0)),0)++IFERROR(INDEX('[1]2024'!$A:$Q,MATCH($C$3&$D36,'[1]2024'!$B:$B,0),MATCH(H$4,'[1]2024'!$2:$2,0)),0)++IFERROR(INDEX('[1]2024'!$A:$Q,MATCH($D$3&$D36,'[1]2024'!$B:$B,0),MATCH(H$4,'[1]2024'!$2:$2,0)),0) -> 0 | I36: =IFERROR(INDEX('[1]2024'!$A:$Q,MATCH($A$3&$D36,'[1]2024'!$B:$B,0),MATCH(I$4,'[1]2024'!$2:$2,0)),0)+IFERROR(INDEX('[1]2024'!$A:$Q,MATCH($B$3&$D36,'[1]2024'!$B:$B,0),MATCH(I$4,'[1]2024'!$2:$2,0)),0)++IFERROR(INDEX('[1]2024'!$A:$Q,MATCH($C$3&$D36,'[1]2024'!$B:$B,0),MATCH(I$4,'[1]2024'!$2:$2,0)),0)++IFERROR(INDEX('[1]2024'!$A:$Q,MATCH($D$3&$D36,'[1]2024'!$B:$B,0),MATCH(I$4,'[1]2024'!$2:$2,0)),0) -> 0 | J36: =IFERROR(INDEX('[1]2024'!$A:$Q,MATCH($A$3&$D36,'[1]2024'!$B:$B,0),MATCH(J$4,'[1]2024'!$2:$2,0)),0)+IFERROR(INDEX('[1]2024'!$A:$Q,MATCH($B$3&$D36,'[1]2024'!$B:$B,0),MATCH(J$4,'[1]2024'!$2:$2,0)),0)++IFERROR(INDEX('[1]2024'!$A:$Q,MATCH($C$3&$D36,'[1]2024'!$B:$B,0),MATCH(J$4,'[1]2024'!$2:$2,0)),0)++IFERROR(INDEX('[1]2024'!$A:$Q,MATCH($D$3&$D36,'[1]2024'!$B:$B,0),MATCH(J$4,'[1]2024'!$2:$2,0)),0) -> 0 | K36: =IFERROR(INDEX('[1]2024'!$A:$Q,MATCH($A$3&$D36,'[1]2024'!$B:$B,0),MATCH(K$4,'[1]2024'!$2:$2,0)),0)+IFERROR(INDEX('[1]2024'!$A:$Q,MATCH($B$3&$D36,'[1]2024'!$B:$B,0),MATCH(K$4,'[1]2024'!$2:$2,0)),0)++IFERROR(INDEX('[1]2024'!$A:$Q,MATCH($C$3&$D36,'[1]2024'!$B:$B,0),MATCH(K$4,'[1]2024'!$2:$2,0)),0)++IFERROR(INDEX('[1]2024'!$A:$Q,MATCH($D$3&$D36,'[1]2024'!$B:$B,0),MATCH(K$4,'[1]2024'!$2:$2,0)),0) -> 0 | L36: =IFERROR(INDEX('[1]2024'!$A:$Q,MATCH($A$3&$D36,'[1]2024'!$B:$B,0),MATCH(L$4,'[1]2024'!$2:$2,0)),0)+IFERROR(INDEX('[1]2024'!$A:$Q,MATCH($B$3&$D36,'[1]2024'!$B:$B,0),MATCH(L$4,'[1]2024'!$2:$2,0)),0)++IFERROR(INDEX('[1]2024'!$A:$Q,MATCH($C$3&$D36,'[1]2024'!$B:$B,0),MATCH(L$4,'[1]2024'!$2:$2,0)),0)++IFERROR(INDEX('[1]2024'!$A:$Q,MATCH($D$3&$D36,'[1]2024'!$B:$B,0),MATCH(L$4,'[1]2024'!$2:$2,0)),0) -> 0 | M36: =IFERROR(INDEX('[1]2024'!$A:$Q,MATCH($A$3&$D36,'[1]2024'!$B:$B,0),MATCH(M$4,'[1]2024'!$2:$2,0)),0)+IFERROR(INDEX('[1]2024'!$A:$Q,MATCH($B$3&$D36,'[1]2024'!$B:$B,0),MATCH(M$4,'[1]2024'!$2:$2,0)),0)++IFERROR(INDEX('[1]2024'!$A:$Q,MATCH($C$3&$D36,'[1]2024'!$B:$B,0),MATCH(M$4,'[1]2024'!$2:$2,0)),0)++IFERROR(INDEX('[1]2024'!$A:$Q,MATCH($D$3&$D36,'[1]2024'!$B:$B,0),MATCH(M$4,'[1]2024'!$2:$2,0)),0) -> 0 | N36: =IFERROR(INDEX('[1]2024'!$A:$Q,MATCH($A$3&$D36,'[1]2024'!$B:$B,0),MATCH(N$4,'[1]2024'!$2:$2,0)),0)+IFERROR(INDEX('[1]2024'!$A:$Q,MATCH($B$3&$D36,'[1]2024'!$B:$B,0),MATCH(N$4,'[1]2024'!$2:$2,0)),0)++IFERROR(INDEX('[1]2024'!$A:$Q,MATCH($C$3&$D36,'[1]2024'!$B:$B,0),MATCH(N$4,'[1]2024'!$2:$2,0)),0)++IFERROR(INDEX('[1]2024'!$A:$Q,MATCH($D$3&$D36,'[1]2024'!$B:$B,0),MATCH(N$4,'[1]2024'!$2:$2,0)),0) -> 0 | O36: =IFERROR(INDEX('[1]2024'!$A:$Q,MATCH($A$3&$D36,'[1]2024'!$B:$B,0),MATCH(O$4,'[1]2024'!$2:$2,0)),0)+IFERROR(INDEX('[1]2024'!$A:$Q,MATCH($B$3&$D36,'[1]2024'!$B:$B,0),MATCH(O$4,'[1]2024'!$2:$2,0)),0)++IFERROR(INDEX('[1]2024'!$A:$Q,MATCH($C$3&$D36,'[1]2024'!$B:$B,0),MATCH(O$4,'[1]2024'!$2:$2,0)),0)++IFERROR(INDEX('[1]2024'!$A:$Q,MATCH($D$3&$D36,'[1]2024'!$B:$B,0),MATCH(O$4,'[1]2024'!$2:$2,0)),0) -> 0 | ... S36: =IFERROR(INDEX('[1]2024'!$A:$Q,MATCH($A$3&$D36,'[1]2024'!$B:$B,0),MATCH(S$4,'[1]2024'!$2:$2,0)),0)+IFERROR(INDEX('[1]2024'!$A:$Q,MATCH($B$3&$D36,'[1]2024'!$B:$B,0),MATCH(S$4,'[1]2024'!$2:$2,0)),0)++IFERROR(INDEX('[1]2024'!$A:$Q,MATCH($C$3&$D36,'[1]2024'!$B:$B,0),MATCH(S$4,'[1]2024'!$2:$2,0)),0)++IFERROR(INDEX('[1]2024'!$A:$Q,MATCH($D$3&$D36,'[1]2024'!$B:$B,0),MATCH(S$4,'[1]2024'!$2:$2,0)),0) -> 0 | T36: 0 | U36: =SUM(V36:AG36) -> 0 | V36: 0 | W36: 0 | X36: 0 | Y36: 0 | Z36: 0 | AA36: 0 | AB36: 0 | AC36: 0 | AD36: 0 | AE36: 0 | AF36: 0 | AG36: 0 | AH36: =송도공장장!AH36+제조팀!AH36+송도밸리데이션팀!AH36+송도생산지원팀!AH36+송도설비관리팀!AH36 -> 10100000 | AI36: =송도공장장!AI36+제조팀!AI36+송도밸리데이션팀!AI36+송도생산지원팀!AI36+송도설비관리팀!AI36 -> 100000 | AJ36: =송도공장장!AJ36+제조팀!AJ36+송도밸리데이션팀!AJ36+송도생산지원팀!AJ36+송도설비관리팀!AJ36 -> 100000 | AK36: =송도공장장!AK36+제조팀!AK36+송도밸리데이션팀!AK36+송도생산지원팀!AK36+송도설비관리팀!AK36 -> 100000 | AL36: =송도공장장!AL36+제조팀!AL36+송도밸리데이션팀!AL36+송도생산지원팀!AL36+송도설비관리팀!AL36 -> 2100000 | AM36: =송도공장장!AM36+제조팀!AM36+송도밸리데이션팀!AM36+송도생산지원팀!AM36+송도설비관리팀!AM36 -> 100000 | AN36: =송도공장장!AN36+제조팀!AN36+송도밸리데이션팀!AN36+송도생산지원팀!AN36+송도설비관리팀!AN36 -> 100000 | AO36: =송도공장장!AO36+제조팀!AO36+송도밸리데이션팀!AO36+송도생산지원팀!AO36+송도설비관리팀!AO36 -> 100000 | ... AT36: =송도공장장!AT36+제조팀!AT36+송도밸리데이션팀!AT36+송도생산지원팀!AT36+송도설비관리팀!AT36 -> 100000 | AU36: =SUM(AI36:AK36) -> 300000 | AV36: =SUM(AL36:AN36) -> 2300000 | AW36: =SUM(AO36:AQ36) -> 7200000 | AX36: =SUM(AR36:AT36) -> 300000 | AY36: =IF($BC36="O",1.05*$AH36,$AH36) -> 10100000 | AZ36: =IF($BC36="O",1.05*$AY36,$AY36) -> 10100000 | BA36: =IF($BC36="O",1.05*$AZ36,$AZ36) -> 10100000 | BC36: X | BE36: 0 | BF36: 0 | BG36: 0 | BH36: =G36 -> 0
A37: 복리후생비-단체시상비(제조) | B37: 단체시상비(제조) | C37: 고정비 | D37: 5103160 | E37: BT066 | F37: 0 | G37: =SUM(H37:S37) -> 0 | H37: =IFERROR(INDEX('[1]2024'!$A:$Q,MATCH($A$3&$D37,'[1]2024'!$B:$B,0),MATCH(H$4,'[1]2024'!$2:$2,0)),0)+IFERROR(INDEX('[1]2024'!$A:$Q,MATCH($B$3&$D37,'[1]2024'!$B:$B,0),MATCH(H$4,'[1]2024'!$2:$2,0)),0)++IFERROR(INDEX('[1]2024'!$A:$Q,MATCH($C$3&$D37,'[1]2024'!$B:$B,0),MATCH(H$4,'[1]2024'!$2:$2,0)),0)++IFERROR(INDEX('[1]2024'!$A:$Q,MATCH($D$3&$D37,'[1]2024'!$B:$B,0),MATCH(H$4,'[1]2024'!$2:$2,0)),0) -> 0 | I37: =IFERROR(INDEX('[1]2024'!$A:$Q,MATCH($A$3&$D37,'[1]2024'!$B:$B,0),MATCH(I$4,'[1]2024'!$2:$2,0)),0)+IFERROR(INDEX('[1]2024'!$A:$Q,MATCH($B$3&$D37,'[1]2024'!$B:$B,0),MATCH(I$4,'[1]2024'!$2:$2,0)),0)++IFERROR(INDEX('[1]2024'!$A:$Q,MATCH($C$3&$D37,'[1]2024'!$B:$B,0),MATCH(I$4,'[1]2024'!$2:$2,0)),0)++IFERROR(INDEX('[1]2024'!$A:$Q,MATCH($D$3&$D37,'[1]2024'!$B:$B,0),MATCH(I$4,'[1]2024'!$2:$2,0)),0) -> 0 | J37: =IFERROR(INDEX('[1]2024'!$A:$Q,MATCH($A$3&$D37,'[1]2024'!$B:$B,0),MATCH(J$4,'[1]2024'!$2:$2,0)),0)+IFERROR(INDEX('[1]2024'!$A:$Q,MATCH($B$3&$D37,'[1]2024'!$B:$B,0),MATCH(J$4,'[1]2024'!$2:$2,0)),0)++IFERROR(INDEX('[1]2024'!$A:$Q,MATCH($C$3&$D37,'[1]2024'!$B:$B,0),MATCH(J$4,'[1]2024'!$2:$2,0)),0)++IFERROR(INDEX('[1]2024'!$A:$Q,MATCH($D$3&$D37,'[1]2024'!$B:$B,0),MATCH(J$4,'[1]2024'!$2:$2,0)),0) -> 0 | K37: =IFERROR(INDEX('[1]2024'!$A:$Q,MATCH($A$3&$D37,'[1]2024'!$B:$B,0),MATCH(K$4,'[1]2024'!$2:$2,0)),0)+IFERROR(INDEX('[1]2024'!$A:$Q,MATCH($B$3&$D37,'[1]2024'!$B:$B,0),MATCH(K$4,'[1]2024'!$2:$2,0)),0)++IFERROR(INDEX('[1]2024'!$A:$Q,MATCH($C$3&$D37,'[1]2024'!$B:$B,0),MATCH(K$4,'[1]2024'!$2:$2,0)),0)++IFERROR(INDEX('[1]2024'!$A:$Q,MATCH($D$3&$D37,'[1]2024'!$B:$B,0),MATCH(K$4,'[1]2024'!$2:$2,0)),0) -> 0 | L37: =IFERROR(INDEX('[1]2024'!$A:$Q,MATCH($A$3&$D37,'[1]2024'!$B:$B,0),MATCH(L$4,'[1]2024'!$2:$2,0)),0)+IFERROR(INDEX('[1]2024'!$A:$Q,MATCH($B$3&$D37,'[1]2024'!$B:$B,0),MATCH(L$4,'[1]2024'!$2:$2,0)),0)++IFERROR(INDEX('[1]2024'!$A:$Q,MATCH($C$3&$D37,'[1]2024'!$B:$B,0),MATCH(L$4,'[1]2024'!$2:$2,0)),0)++IFERROR(INDEX('[1]2024'!$A:$Q,MATCH($D$3&$D37,'[1]2024'!$B:$B,0),MATCH(L$4,'[1]2024'!$2:$2,0)),0) -> 0 | M37: =IFERROR(INDEX('[1]2024'!$A:$Q,MATCH($A$3&$D37,'[1]2024'!$B:$B,0),MATCH(M$4,'[1]2024'!$2:$2,0)),0)+IFERROR(INDEX('[1]2024'!$A:$Q,MATCH($B$3&$D37,'[1]2024'!$B:$B,0),MATCH(M$4,'[1]2024'!$2:$2,0)),0)++IFERROR(INDEX('[1]2024'!$A:$Q,MATCH($C$3&$D37,'[1]2024'!$B:$B,0),MATCH(M$4,'[1]2024'!$2:$2,0)),0)++IFERROR(INDEX('[1]2024'!$A:$Q,MATCH($D$3&$D37,'[1]2024'!$B:$B,0),MATCH(M$4,'[1]2024'!$2:$2,0)),0) -> 0 | N37: =IFERROR(INDEX('[1]2024'!$A:$Q,MATCH($A$3&$D37,'[1]2024'!$B:$B,0),MATCH(N$4,'[1]2024'!$2:$2,0)),0)+IFERROR(INDEX('[1]2024'!$A:$Q,MATCH($B$3&$D37,'[1]2024'!$B:$B,0),MATCH(N$4,'[1]2024'!$2:$2,0)),0)++IFERROR(INDEX('[1]2024'!$A:$Q,MATCH($C$3&$D37,'[1]2024'!$B:$B,0),MATCH(N$4,'[1]2024'!$2:$2,0)),0)++IFERROR(INDEX('[1]2024'!$A:$Q,MATCH($D$3&$D37,'[1]2024'!$B:$B,0),MATCH(N$4,'[1]2024'!$2:$2,0)),0) -> 0 | O37: =IFERROR(INDEX('[1]2024'!$A:$Q,MATCH($A$3&$D37,'[1]2024'!$B:$B,0),MATCH(O$4,'[1]2024'!$2:$2,0)),0)+IFERROR(INDEX('[1]2024'!$A:$Q,MATCH($B$3&$D37,'[1]2024'!$B:$B,0),MATCH(O$4,'[1]2024'!$2:$2,0)),0)++IFERROR(INDEX('[1]2024'!$A:$Q,MATCH($C$3&$D37,'[1]2024'!$B:$B,0),MATCH(O$4,'[1]2024'!$2:$2,0)),0)++IFERROR(INDEX('[1]2024'!$A:$Q,MATCH($D$3&$D37,'[1]2024'!$B:$B,0),MATCH(O$4,'[1]2024'!$2:$2,0)),0) -> 0 | ... S37: =IFERROR(INDEX('[1]2024'!$A:$Q,MATCH($A$3&$D37,'[1]2024'!$B:$B,0),MATCH(S$4,'[1]2024'!$2:$2,0)),0)+IFERROR(INDEX('[1]2024'!$A:$Q,MATCH($B$3&$D37,'[1]2024'!$B:$B,0),MATCH(S$4,'[1]2024'!$2:$2,0)),0)++IFERROR(INDEX('[1]2024'!$A:$Q,MATCH($C$3&$D37,'[1]2024'!$B:$B,0),MATCH(S$4,'[1]2024'!$2:$2,0)),0)++IFERROR(INDEX('[1]2024'!$A:$Q,MATCH($D$3&$D37,'[1]2024'!$B:$B,0),MATCH(S$4,'[1]2024'!$2:$2,0)),0) -> 0 | T37: 0 | U37: =SUM(V37:AG37) -> 0 | V37: 0 | W37: 0 | X37: 0 | Y37: 0 | Z37: 0 | AA37: 0 | AB37: 0 | AC37: 0 | AD37: 0 | AE37: 0 | AF37: 0 | AG37: 0 | AH37: =송도공장장!AH37+제조팀!AH37+송도밸리데이션팀!AH37+송도생산지원팀!AH37+송도설비관리팀!AH37 -> 0 | AI37: =송도공장장!AI37+제조팀!AI37+송도밸리데이션팀!AI37+송도생산지원팀!AI37+송도설비관리팀!AI37 -> 0 | AJ37: =송도공장장!AJ37+제조팀!AJ37+송도밸리데이션팀!AJ37+송도생산지원팀!AJ37+송도설비관리팀!AJ37 -> 0 | AK37: =송도공장장!AK37+제조팀!AK37+송도밸리데이션팀!AK37+송도생산지원팀!AK37+송도설비관리팀!AK37 -> 0 | AL37: =송도공장장!AL37+제조팀!AL37+송도밸리데이션팀!AL37+송도생산지원팀!AL37+송도설비관리팀!AL37 -> 0 | AM37: =송도공장장!AM37+제조팀!AM37+송도밸리데이션팀!AM37+송도생산지원팀!AM37+송도설비관리팀!AM37 -> 0 | AN37: =송도공장장!AN37+제조팀!AN37+송도밸리데이션팀!AN37+송도생산지원팀!AN37+송도설비관리팀!AN37 -> 0 | AO37: =송도공장장!AO37+제조팀!AO37+송도밸리데이션팀!AO37+송도생산지원팀!AO37+송도설비관리팀!AO37 -> 0 | ... AT37: =송도공장장!AT37+제조팀!AT37+송도밸리데이션팀!AT37+송도생산지원팀!AT37+송도설비관리팀!AT37 -> 0 | AU37: =SUM(AI37:AK37) -> 0 | AV37: =SUM(AL37:AN37) -> 0 | AW37: =SUM(AO37:AQ37) -> 0 | AX37: =SUM(AR37:AT37) -> 0 | AY37: =IF($BC37="O",1.05*$AH37,$AH37) -> 0 | AZ37: =IF($BC37="O",1.05*$AY37,$AY37) -> 0 | BA37: =IF($BC37="O",1.05*$AZ37,$AZ37) -> 0 | BC37: X | BE37: 0 | BF37: 0 | BG37: 0 | BH37: =G37 -> 0
A38: 복리후생비-문화써클보조비(제조) | B38: 문화써클보조비(제조) | C38: 고정비 | D38: 5103150 | E38: BT089 | F38: 0 | G38: =SUM(H38:S38) -> 0 | H38: =IFERROR(INDEX('[1]2024'!$A:$Q,MATCH($A$3&$D38,'[1]2024'!$B:$B,0),MATCH(H$4,'[1]2024'!$2:$2,0)),0)+IFERROR(INDEX('[1]2024'!$A:$Q,MATCH($B$3&$D38,'[1]2024'!$B:$B,0),MATCH(H$4,'[1]2024'!$2:$2,0)),0)++IFERROR(INDEX('[1]2024'!$A:$Q,MATCH($C$3&$D38,'[1]2024'!$B:$B,0),MATCH(H$4,'[1]2024'!$2:$2,0)),0)++IFERROR(INDEX('[1]2024'!$A:$Q,MATCH($D$3&$D38,'[1]2024'!$B:$B,0),MATCH(H$4,'[1]2024'!$2:$2,0)),0) -> 0 | I38: =IFERROR(INDEX('[1]2024'!$A:$Q,MATCH($A$3&$D38,'[1]2024'!$B:$B,0),MATCH(I$4,'[1]2024'!$2:$2,0)),0)+IFERROR(INDEX('[1]2024'!$A:$Q,MATCH($B$3&$D38,'[1]2024'!$B:$B,0),MATCH(I$4,'[1]2024'!$2:$2,0)),0)++IFERROR(INDEX('[1]2024'!$A:$Q,MATCH($C$3&$D38,'[1]2024'!$B:$B,0),MATCH(I$4,'[1]2024'!$2:$2,0)),0)++IFERROR(INDEX('[1]2024'!$A:$Q,MATCH($D$3&$D38,'[1]2024'!$B:$B,0),MATCH(I$4,'[1]2024'!$2:$2,0)),0) -> 0 | J38: =IFERROR(INDEX('[1]2024'!$A:$Q,MATCH($A$3&$D38,'[1]2024'!$B:$B,0),MATCH(J$4,'[1]2024'!$2:$2,0)),0)+IFERROR(INDEX('[1]2024'!$A:$Q,MATCH($B$3&$D38,'[1]2024'!$B:$B,0),MATCH(J$4,'[1]2024'!$2:$2,0)),0)++IFERROR(INDEX('[1]2024'!$A:$Q,MATCH($C$3&$D38,'[1]2024'!$B:$B,0),MATCH(J$4,'[1]2024'!$2:$2,0)),0)++IFERROR(INDEX('[1]2024'!$A:$Q,MATCH($D$3&$D38,'[1]2024'!$B:$B,0),MATCH(J$4,'[1]2024'!$2:$2,0)),0) -> 0 | K38: =IFERROR(INDEX('[1]2024'!$A:$Q,MATCH($A$3&$D38,'[1]2024'!$B:$B,0),MATCH(K$4,'[1]2024'!$2:$2,0)),0)+IFERROR(INDEX('[1]2024'!$A:$Q,MATCH($B$3&$D38,'[1]2024'!$B:$B,0),MATCH(K$4,'[1]2024'!$2:$2,0)),0)++IFERROR(INDEX('[1]2024'!$A:$Q,MATCH($C$3&$D38,'[1]2024'!$B:$B,0),MATCH(K$4,'[1]2024'!$2:$2,0)),0)++IFERROR(INDEX('[1]2024'!$A:$Q,MATCH($D$3&$D38,'[1]2024'!$B:$B,0),MATCH(K$4,'[1]2024'!$2:$2,0)),0) -> 0 | L38: =IFERROR(INDEX('[1]2024'!$A:$Q,MATCH($A$3&$D38,'[1]2024'!$B:$B,0),MATCH(L$4,'[1]2024'!$2:$2,0)),0)+IFERROR(INDEX('[1]2024'!$A:$Q,MATCH($B$3&$D38,'[1]2024'!$B:$B,0),MATCH(L$4,'[1]2024'!$2:$2,0)),0)++IFERROR(INDEX('[1]2024'!$A:$Q,MATCH($C$3&$D38,'[1]2024'!$B:$B,0),MATCH(L$4,'[1]2024'!$2:$2,0)),0)++IFERROR(INDEX('[1]2024'!$A:$Q,MATCH($D$3&$D38,'[1]2024'!$B:$B,0),MATCH(L$4,'[1]2024'!$2:$2,0)),0) -> 0 | M38: =IFERROR(INDEX('[1]2024'!$A:$Q,MATCH($A$3&$D38,'[1]2024'!$B:$B,0),MATCH(M$4,'[1]2024'!$2:$2,0)),0)+IFERROR(INDEX('[1]2024'!$A:$Q,MATCH($B$3&$D38,'[1]2024'!$B:$B,0),MATCH(M$4,'[1]2024'!$2:$2,0)),0)++IFERROR(INDEX('[1]2024'!$A:$Q,MATCH($C$3&$D38,'[1]2024'!$B:$B,0),MATCH(M$4,'[1]2024'!$2:$2,0)),0)++IFERROR(INDEX('[1]2024'!$A:$Q,MATCH($D$3&$D38,'[1]2024'!$B:$B,0),MATCH(M$4,'[1]2024'!$2:$2,0)),0) -> 0 | N38: =IFERROR(INDEX('[1]2024'!$A:$Q,MATCH($A$3&$D38,'[1]2024'!$B:$B,0),MATCH(N$4,'[1]2024'!$2:$2,0)),0)+IFERROR(INDEX('[1]2024'!$A:$Q,MATCH($B$3&$D38,'[1]2024'!$B:$B,0),MATCH(N$4,'[1]2024'!$2:$2,0)),0)++IFERROR(INDEX('[1]2024'!$A:$Q,MATCH($C$3&$D38,'[1]2024'!$B:$B,0),MATCH(N$4,'[1]2024'!$2:$2,0)),0)++IFERROR(INDEX('[1]2024'!$A:$Q,MATCH($D$3&$D38,'[1]2024'!$B:$B,0),MATCH(N$4,'[1]2024'!$2:$2,0)),0) -> 0 | O38: =IFERROR(INDEX('[1]2024'!$A:$Q,MATCH($A$3&$D38,'[1]2024'!$B:$B,0),MATCH(O$4,'[1]2024'!$2:$2,0)),0)+IFERROR(INDEX('[1]2024'!$A:$Q,MATCH($B$3&$D38,'[1]2024'!$B:$B,0),MATCH(O$4,'[1]2024'!$2:$2,0)),0)++IFERROR(INDEX('[1]2024'!$A:$Q,MATCH($C$3&$D38,'[1]2024'!$B:$B,0),MATCH(O$4,'[1]2024'!$2:$2,0)),0)++IFERROR(INDEX('[1]2024'!$A:$Q,MATCH($D$3&$D38,'[1]2024'!$B:$B,0),MATCH(O$4,'[1]2024'!$2:$2,0)),0) -> 0 | ... S38: =IFERROR(INDEX('[1]2024'!$A:$Q,MATCH($A$3&$D38,'[1]2024'!$B:$B,0),MATCH(S$4,'[1]2024'!$2:$2,0)),0)+IFERROR(INDEX('[1]2024'!$A:$Q,MATCH($B$3&$D38,'[1]2024'!$B:$B,0),MATCH(S$4,'[1]2024'!$2:$2,0)),0)++IFERROR(INDEX('[1]2024'!$A:$Q,MATCH($C$3&$D38,'[1]2024'!$B:$B,0),MATCH(S$4,'[1]2024'!$2:$2,0)),0)++IFERROR(INDEX('[1]2024'!$A:$Q,MATCH($D$3&$D38,'[1]2024'!$B:$B,0),MATCH(S$4,'[1]2024'!$2:$2,0)),0) -> 0 | T38: 0 | U38: =SUM(V38:AG38) -> 0 | V38: 0 | W38: 0 | X38: 0 | Y38: 0 | Z38: 0 | AA38: 0 | AB38: 0 | AC38: 0 | AD38: 0 | AE38: 0 | AF38: 0 | AG38: 0 | AH38: =송도공장장!AH38+제조팀!AH38+송도밸리데이션팀!AH38+송도생산지원팀!AH38+송도설비관리팀!AH38 -> 0 | AI38: =송도공장장!AI38+제조팀!AI38+송도밸리데이션팀!AI38+송도생산지원팀!AI38+송도설비관리팀!AI38 -> 0 | AJ38: =송도공장장!AJ38+제조팀!AJ38+송도밸리데이션팀!AJ38+송도생산지원팀!AJ38+송도설비관리팀!AJ38 -> 0 | AK38: =송도공장장!AK38+제조팀!AK38+송도밸리데이션팀!AK38+송도생산지원팀!AK38+송도설비관리팀!AK38 -> 0 | AL38: =송도공장장!AL38+제조팀!AL38+송도밸리데이션팀!AL38+송도생산지원팀!AL38+송도설비관리팀!AL38 -> 0 | AM38: =송도공장장!AM38+제조팀!AM38+송도밸리데이션팀!AM38+송도생산지원팀!AM38+송도설비관리팀!AM38 -> 0 | AN38: =송도공장장!AN38+제조팀!AN38+송도밸리데이션팀!AN38+송도생산지원팀!AN38+송도설비관리팀!AN38 -> 0 | AO38: =송도공장장!AO38+제조팀!AO38+송도밸리데이션팀!AO38+송도생산지원팀!AO38+송도설비관리팀!AO38 -> 0 | ... AT38: =송도공장장!AT38+제조팀!AT38+송도밸리데이션팀!AT38+송도생산지원팀!AT38+송도설비관리팀!AT38 -> 0 | AU38: =SUM(AI38:AK38) -> 0 | AV38: =SUM(AL38:AN38) -> 0 | AW38: =SUM(AO38:AQ38) -> 0 | AX38: =SUM(AR38:AT38) -> 0 | AY38: =IF($BC38="O",1.05*$AH38,$AH38) -> 0 | AZ38: =IF($BC38="O",1.05*$AY38,$AY38) -> 0 | BA38: =IF($BC38="O",1.05*$AZ38,$AZ38) -> 0 | BC38: X | BE38: 0 | BF38: 0 | BG38: 0 | BH38: =G38 -> 0
A39: 복리후생비-친선활동비(제조) | B39: 친선활동비(제조) | C39: 고정비 | D39: 5103140 | E39: BT322 | F39: 0 | G39: =SUM(H39:S39) -> 0 | H39: =IFERROR(INDEX('[1]2024'!$A:$Q,MATCH($A$3&$D39,'[1]2024'!$B:$B,0),MATCH(H$4,'[1]2024'!$2:$2,0)),0)+IFERROR(INDEX('[1]2024'!$A:$Q,MATCH($B$3&$D39,'[1]2024'!$B:$B,0),MATCH(H$4,'[1]2024'!$2:$2,0)),0)++IFERROR(INDEX('[1]2024'!$A:$Q,MATCH($C$3&$D39,'[1]2024'!$B:$B,0),MATCH(H$4,'[1]2024'!$2:$2,0)),0)++IFERROR(INDEX('[1]2024'!$A:$Q,MATCH($D$3&$D39,'[1]2024'!$B:$B,0),MATCH(H$4,'[1]2024'!$2:$2,0)),0) -> 0 | I39: =IFERROR(INDEX('[1]2024'!$A:$Q,MATCH($A$3&$D39,'[1]2024'!$B:$B,0),MATCH(I$4,'[1]2024'!$2:$2,0)),0)+IFERROR(INDEX('[1]2024'!$A:$Q,MATCH($B$3&$D39,'[1]2024'!$B:$B,0),MATCH(I$4,'[1]2024'!$2:$2,0)),0)++IFERROR(INDEX('[1]2024'!$A:$Q,MATCH($C$3&$D39,'[1]2024'!$B:$B,0),MATCH(I$4,'[1]2024'!$2:$2,0)),0)++IFERROR(INDEX('[1]2024'!$A:$Q,MATCH($D$3&$D39,'[1]2024'!$B:$B,0),MATCH(I$4,'[1]2024'!$2:$2,0)),0) -> 0 | J39: =IFERROR(INDEX('[1]2024'!$A:$Q,MATCH($A$3&$D39,'[1]2024'!$B:$B,0),MATCH(J$4,'[1]2024'!$2:$2,0)),0)+IFERROR(INDEX('[1]2024'!$A:$Q,MATCH($B$3&$D39,'[1]2024'!$B:$B,0),MATCH(J$4,'[1]2024'!$2:$2,0)),0)++IFERROR(INDEX('[1]2024'!$A:$Q,MATCH($C$3&$D39,'[1]2024'!$B:$B,0),MATCH(J$4,'[1]2024'!$2:$2,0)),0)++IFERROR(INDEX('[1]2024'!$A:$Q,MATCH($D$3&$D39,'[1]2024'!$B:$B,0),MATCH(J$4,'[1]2024'!$2:$2,0)),0) -> 0 | K39: =IFERROR(INDEX('[1]2024'!$A:$Q,MATCH($A$3&$D39,'[1]2024'!$B:$B,0),MATCH(K$4,'[1]2024'!$2:$2,0)),0)+IFERROR(INDEX('[1]2024'!$A:$Q,MATCH($B$3&$D39,'[1]2024'!$B:$B,0),MATCH(K$4,'[1]2024'!$2:$2,0)),0)++IFERROR(INDEX('[1]2024'!$A:$Q,MATCH($C$3&$D39,'[1]2024'!$B:$B,0),MATCH(K$4,'[1]2024'!$2:$2,0)),0)++IFERROR(INDEX('[1]2024'!$A:$Q,MATCH($D$3&$D39,'[1]2024'!$B:$B,0),MATCH(K$4,'[1]2024'!$2:$2,0)),0) -> 0 | L39: =IFERROR(INDEX('[1]2024'!$A:$Q,MATCH($A$3&$D39,'[1]2024'!$B:$B,0),MATCH(L$4,'[1]2024'!$2:$2,0)),0)+IFERROR(INDEX('[1]2024'!$A:$Q,MATCH($B$3&$D39,'[1]2024'!$B:$B,0),MATCH(L$4,'[1]2024'!$2:$2,0)),0)++IFERROR(INDEX('[1]2024'!$A:$Q,MATCH($C$3&$D39,'[1]2024'!$B:$B,0),MATCH(L$4,'[1]2024'!$2:$2,0)),0)++IFERROR(INDEX('[1]2024'!$A:$Q,MATCH($D$3&$D39,'[1]2024'!$B:$B,0),MATCH(L$4,'[1]2024'!$2:$2,0)),0) -> 0 | M39: =IFERROR(INDEX('[1]2024'!$A:$Q,MATCH($A$3&$D39,'[1]2024'!$B:$B,0),MATCH(M$4,'[1]2024'!$2:$2,0)),0)+IFERROR(INDEX('[1]2024'!$A:$Q,MATCH($B$3&$D39,'[1]2024'!$B:$B,0),MATCH(M$4,'[1]2024'!$2:$2,0)),0)++IFERROR(INDEX('[1]2024'!$A:$Q,MATCH($C$3&$D39,'[1]2024'!$B:$B,0),MATCH(M$4,'[1]2024'!$2:$2,0)),0)++IFERROR(INDEX('[1]2024'!$A:$Q,MATCH($D$3&$D39,'[1]2024'!$B:$B,0),MATCH(M$4,'[1]2024'!$2:$2,0)),0) -> 0 | N39: =IFERROR(INDEX('[1]2024'!$A:$Q,MATCH($A$3&$D39,'[1]2024'!$B:$B,0),MATCH(N$4,'[1]2024'!$2:$2,0)),0)+IFERROR(INDEX('[1]2024'!$A:$Q,MATCH($B$3&$D39,'[1]2024'!$B:$B,0),MATCH(N$4,'[1]2024'!$2:$2,0)),0)++IFERROR(INDEX('[1]2024'!$A:$Q,MATCH($C$3&$D39,'[1]2024'!$B:$B,0),MATCH(N$4,'[1]2024'!$2:$2,0)),0)++IFERROR(INDEX('[1]2024'!$A:$Q,MATCH($D$3&$D39,'[1]2024'!$B:$B,0),MATCH(N$4,'[1]2024'!$2:$2,0)),0) -> 0 | O39: =IFERROR(INDEX('[1]2024'!$A:$Q,MATCH($A$3&$D39,'[1]2024'!$B:$B,0),MATCH(O$4,'[1]2024'!$2:$2,0)),0)+IFERROR(INDEX('[1]2024'!$A:$Q,MATCH($B$3&$D39,'[1]2024'!$B:$B,0),MATCH(O$4,'[1]2024'!$2:$2,0)),0)++IFERROR(INDEX('[1]2024'!$A:$Q,MATCH($C$3&$D39,'[1]2024'!$B:$B,0),MATCH(O$4,'[1]2024'!$2:$2,0)),0)++IFERROR(INDEX('[1]2024'!$A:$Q,MATCH($D$3&$D39,'[1]2024'!$B:$B,0),MATCH(O$4,'[1]2024'!$2:$2,0)),0) -> 0 | ... S39: =IFERROR(INDEX('[1]2024'!$A:$Q,MATCH($A$3&$D39,'[1]2024'!$B:$B,0),MATCH(S$4,'[1]2024'!$2:$2,0)),0)+IFERROR(INDEX('[1]2024'!$A:$Q,MATCH($B$3&$D39,'[1]2024'!$B:$B,0),MATCH(S$4,'[1]2024'!$2:$2,0)),0)++IFERROR(INDEX('[1]2024'!$A:$Q,MATCH($C$3&$D39,'[1]2024'!$B:$B,0),MATCH(S$4,'[1]2024'!$2:$2,0)),0)++IFERROR(INDEX('[1]2024'!$A:$Q,MATCH($D$3&$D39,'[1]2024'!$B:$B,0),MATCH(S$4,'[1]2024'!$2:$2,0)),0) -> 0 | T39: 0 | U39: =SUM(V39:AG39) -> 0 | V39: 0 | W39: 0 | X39: 0 | Y39: 0 | Z39: 0 | AA39: 0 | AB39: 0 | AC39: 0 | AD39: 0 | AE39: 0 | AF39: 0 | AG39: 0 | AH39: =송도공장장!AH39+제조팀!AH39+송도밸리데이션팀!AH39+송도생산지원팀!AH39+송도설비관리팀!AH39 -> 0 | AI39: =송도공장장!AI39+제조팀!AI39+송도밸리데이션팀!AI39+송도생산지원팀!AI39+송도설비관리팀!AI39 -> 0 | AJ39: =송도공장장!AJ39+제조팀!AJ39+송도밸리데이션팀!AJ39+송도생산지원팀!AJ39+송도설비관리팀!AJ39 -> 0 | AK39: =송도공장장!AK39+제조팀!AK39+송도밸리데이션팀!AK39+송도생산지원팀!AK39+송도설비관리팀!AK39 -> 0 | AL39: =송도공장장!AL39+제조팀!AL39+송도밸리데이션팀!AL39+송도생산지원팀!AL39+송도설비관리팀!AL39 -> 0 | AM39: =송도공장장!AM39+제조팀!AM39+송도밸리데이션팀!AM39+송도생산지원팀!AM39+송도설비관리팀!AM39 -> 0 | AN39: =송도공장장!AN39+제조팀!AN39+송도밸리데이션팀!AN39+송도생산지원팀!AN39+송도설비관리팀!AN39 -> 0 | AO39: =송도공장장!AO39+제조팀!AO39+송도밸리데이션팀!AO39+송도생산지원팀!AO39+송도설비관리팀!AO39 -> 0 | ... AT39: =송도공장장!AT39+제조팀!AT39+송도밸리데이션팀!AT39+송도생산지원팀!AT39+송도설비관리팀!AT39 -> 0 | AU39: =SUM(AI39:AK39) -> 0 | AV39: =SUM(AL39:AN39) -> 0 | AW39: =SUM(AO39:AQ39) -> 0 | AX39: =SUM(AR39:AT39) -> 0 | AY39: =IF($BC39="O",1.05*$AH39,$AH39) -> 0 | AZ39: =IF($BC39="O",1.05*$AY39,$AY39) -> 0 | BA39: =IF($BC39="O",1.05*$AZ39,$AZ39) -> 0 | BC39: X | BE39: 0 | BF39: 0 | BG39: 0 | BH39: =G39 -> 0
A40: 복리후생비-특근급식비(제조) | B40: - | C40: 고정비 | D40: 5103130 | E40: BT340 | F40: 0 | G40: =SUM(H40:S40) -> 0 | H40: =IFERROR(INDEX('[1]2024'!$A:$Q,MATCH($A$3&$D40,'[1]2024'!$B:$B,0),MATCH(H$4,'[1]2024'!$2:$2,0)),0)+IFERROR(INDEX('[1]2024'!$A:$Q,MATCH($B$3&$D40,'[1]2024'!$B:$B,0),MATCH(H$4,'[1]2024'!$2:$2,0)),0)++IFERROR(INDEX('[1]2024'!$A:$Q,MATCH($C$3&$D40,'[1]2024'!$B:$B,0),MATCH(H$4,'[1]2024'!$2:$2,0)),0)++IFERROR(INDEX('[1]2024'!$A:$Q,MATCH($D$3&$D40,'[1]2024'!$B:$B,0),MATCH(H$4,'[1]2024'!$2:$2,0)),0) -> 0 | I40: =IFERROR(INDEX('[1]2024'!$A:$Q,MATCH($A$3&$D40,'[1]2024'!$B:$B,0),MATCH(I$4,'[1]2024'!$2:$2,0)),0)+IFERROR(INDEX('[1]2024'!$A:$Q,MATCH($B$3&$D40,'[1]2024'!$B:$B,0),MATCH(I$4,'[1]2024'!$2:$2,0)),0)++IFERROR(INDEX('[1]2024'!$A:$Q,MATCH($C$3&$D40,'[1]2024'!$B:$B,0),MATCH(I$4,'[1]2024'!$2:$2,0)),0)++IFERROR(INDEX('[1]2024'!$A:$Q,MATCH($D$3&$D40,'[1]2024'!$B:$B,0),MATCH(I$4,'[1]2024'!$2:$2,0)),0) -> 0 | J40: =IFERROR(INDEX('[1]2024'!$A:$Q,MATCH($A$3&$D40,'[1]2024'!$B:$B,0),MATCH(J$4,'[1]2024'!$2:$2,0)),0)+IFERROR(INDEX('[1]2024'!$A:$Q,MATCH($B$3&$D40,'[1]2024'!$B:$B,0),MATCH(J$4,'[1]2024'!$2:$2,0)),0)++IFERROR(INDEX('[1]2024'!$A:$Q,MATCH($C$3&$D40,'[1]2024'!$B:$B,0),MATCH(J$4,'[1]2024'!$2:$2,0)),0)++IFERROR(INDEX('[1]2024'!$A:$Q,MATCH($D$3&$D40,'[1]2024'!$B:$B,0),MATCH(J$4,'[1]2024'!$2:$2,0)),0) -> 0 | K40: =IFERROR(INDEX('[1]2024'!$A:$Q,MATCH($A$3&$D40,'[1]2024'!$B:$B,0),MATCH(K$4,'[1]2024'!$2:$2,0)),0)+IFERROR(INDEX('[1]2024'!$A:$Q,MATCH($B$3&$D40,'[1]2024'!$B:$B,0),MATCH(K$4,'[1]2024'!$2:$2,0)),0)++IFERROR(INDEX('[1]2024'!$A:$Q,MATCH($C$3&$D40,'[1]2024'!$B:$B,0),MATCH(K$4,'[1]2024'!$2:$2,0)),0)++IFERROR(INDEX('[1]2024'!$A:$Q,MATCH($D$3&$D40,'[1]2024'!$B:$B,0),MATCH(K$4,'[1]2024'!$2:$2,0)),0) -> 0 | L40: =IFERROR(INDEX('[1]2024'!$A:$Q,MATCH($A$3&$D40,'[1]2024'!$B:$B,0),MATCH(L$4,'[1]2024'!$2:$2,0)),0)+IFERROR(INDEX('[1]2024'!$A:$Q,MATCH($B$3&$D40,'[1]2024'!$B:$B,0),MATCH(L$4,'[1]2024'!$2:$2,0)),0)++IFERROR(INDEX('[1]2024'!$A:$Q,MATCH($C$3&$D40,'[1]2024'!$B:$B,0),MATCH(L$4,'[1]2024'!$2:$2,0)),0)++IFERROR(INDEX('[1]2024'!$A:$Q,MATCH($D$3&$D40,'[1]2024'!$B:$B,0),MATCH(L$4,'[1]2024'!$2:$2,0)),0) -> 0 | M40: =IFERROR(INDEX('[1]2024'!$A:$Q,MATCH($A$3&$D40,'[1]2024'!$B:$B,0),MATCH(M$4,'[1]2024'!$2:$2,0)),0)+IFERROR(INDEX('[1]2024'!$A:$Q,MATCH($B$3&$D40,'[1]2024'!$B:$B,0),MATCH(M$4,'[1]2024'!$2:$2,0)),0)++IFERROR(INDEX('[1]2024'!$A:$Q,MATCH($C$3&$D40,'[1]2024'!$B:$B,0),MATCH(M$4,'[1]2024'!$2:$2,0)),0)++IFERROR(INDEX('[1]2024'!$A:$Q,MATCH($D$3&$D40,'[1]2024'!$B:$B,0),MATCH(M$4,'[1]2024'!$2:$2,0)),0) -> 0 | N40: =IFERROR(INDEX('[1]2024'!$A:$Q,MATCH($A$3&$D40,'[1]2024'!$B:$B,0),MATCH(N$4,'[1]2024'!$2:$2,0)),0)+IFERROR(INDEX('[1]2024'!$A:$Q,MATCH($B$3&$D40,'[1]2024'!$B:$B,0),MATCH(N$4,'[1]2024'!$2:$2,0)),0)++IFERROR(INDEX('[1]2024'!$A:$Q,MATCH($C$3&$D40,'[1]2024'!$B:$B,0),MATCH(N$4,'[1]2024'!$2:$2,0)),0)++IFERROR(INDEX('[1]2024'!$A:$Q,MATCH($D$3&$D40,'[1]2024'!$B:$B,0),MATCH(N$4,'[1]2024'!$2:$2,0)),0) -> 0 | O40: =IFERROR(INDEX('[1]2024'!$A:$Q,MATCH($A$3&$D40,'[1]2024'!$B:$B,0),MATCH(O$4,'[1]2024'!$2:$2,0)),0)+IFERROR(INDEX('[1]2024'!$A:$Q,MATCH($B$3&$D40,'[1]2024'!$B:$B,0),MATCH(O$4,'[1]2024'!$2:$2,0)),0)++IFERROR(INDEX('[1]2024'!$A:$Q,MATCH($C$3&$D40,'[1]2024'!$B:$B,0),MATCH(O$4,'[1]2024'!$2:$2,0)),0)++IFERROR(INDEX('[1]2024'!$A:$Q,MATCH($D$3&$D40,'[1]2024'!$B:$B,0),MATCH(O$4,'[1]2024'!$2:$2,0)),0) -> 0 | ... S40: =IFERROR(INDEX('[1]2024'!$A:$Q,MATCH($A$3&$D40,'[1]2024'!$B:$B,0),MATCH(S$4,'[1]2024'!$2:$2,0)),0)+IFERROR(INDEX('[1]2024'!$A:$Q,MATCH($B$3&$D40,'[1]2024'!$B:$B,0),MATCH(S$4,'[1]2024'!$2:$2,0)),0)++IFERROR(INDEX('[1]2024'!$A:$Q,MATCH($C$3&$D40,'[1]2024'!$B:$B,0),MATCH(S$4,'[1]2024'!$2:$2,0)),0)++IFERROR(INDEX('[1]2024'!$A:$Q,MATCH($D$3&$D40,'[1]2024'!$B:$B,0),MATCH(S$4,'[1]2024'!$2:$2,0)),0) -> 0 | T40: 0 | U40: =SUM(V40:AG40) -> 0 | V40: 0 | W40: 0 | X40: 0 | Y40: 0 | Z40: 0 | AA40: 0 | AB40: 0 | AC40: 0 | AD40: 0 | AE40: 0 | AF40: 0 | AG40: 0 | AH40: =송도공장장!AH40+제조팀!AH40+송도밸리데이션팀!AH40+송도생산지원팀!AH40+송도설비관리팀!AH40 -> 0 | AI40: =송도공장장!AI40+제조팀!AI40+송도밸리데이션팀!AI40+송도생산지원팀!AI40+송도설비관리팀!AI40 -> 0 | AJ40: =송도공장장!AJ40+제조팀!AJ40+송도밸리데이션팀!AJ40+송도생산지원팀!AJ40+송도설비관리팀!AJ40 -> 0 | AK40: =송도공장장!AK40+제조팀!AK40+송도밸리데이션팀!AK40+송도생산지원팀!AK40+송도설비관리팀!AK40 -> 0 | AL40: =송도공장장!AL40+제조팀!AL40+송도밸리데이션팀!AL40+송도생산지원팀!AL40+송도설비관리팀!AL40 -> 0 | AM40: =송도공장장!AM40+제조팀!AM40+송도밸리데이션팀!AM40+송도생산지원팀!AM40+송도설비관리팀!AM40 -> 0 | AN40: =송도공장장!AN40+제조팀!AN40+송도밸리데이션팀!AN40+송도생산지원팀!AN40+송도설비관리팀!AN40 -> 0 | AO40: =송도공장장!AO40+제조팀!AO40+송도밸리데이션팀!AO40+송도생산지원팀!AO40+송도설비관리팀!AO40 -> 0 | ... AT40: =송도공장장!AT40+제조팀!AT40+송도밸리데이션팀!AT40+송도생산지원팀!AT40+송도설비관리팀!AT40 -> 0 | AU40: =SUM(AI40:AK40) -> 0 | AV40: =SUM(AL40:AN40) -> 0 | AW40: =SUM(AO40:AQ40) -> 0 | AX40: =SUM(AR40:AT40) -> 0 | AY40: =IF($BC40="O",1.05*$AH40,$AH40) -> 0 | AZ40: =IF($BC40="O",1.05*$AY40,$AY40) -> 0 | BA40: =IF($BC40="O",1.05*$AZ40,$AZ40) -> 0 | BC40: X | BE40: 0 | BF40: 0 | BG40: 0 | BH40: =G40 -> 0
A41: 복리후생비-식당제경비(제조) | B41: 식당제경비(제조) | C41: 고정비 | D41: 5103120 | E41: BT185 | F41: 0 | G41: =SUM(H41:S41) -> 0 | H41: =IFERROR(INDEX('[1]2024'!$A:$Q,MATCH($A$3&$D41,'[1]2024'!$B:$B,0),MATCH(H$4,'[1]2024'!$2:$2,0)),0)+IFERROR(INDEX('[1]2024'!$A:$Q,MATCH($B$3&$D41,'[1]2024'!$B:$B,0),MATCH(H$4,'[1]2024'!$2:$2,0)),0)++IFERROR(INDEX('[1]2024'!$A:$Q,MATCH($C$3&$D41,'[1]2024'!$B:$B,0),MATCH(H$4,'[1]2024'!$2:$2,0)),0)++IFERROR(INDEX('[1]2024'!$A:$Q,MATCH($D$3&$D41,'[1]2024'!$B:$B,0),MATCH(H$4,'[1]2024'!$2:$2,0)),0) -> 0 | I41: =IFERROR(INDEX('[1]2024'!$A:$Q,MATCH($A$3&$D41,'[1]2024'!$B:$B,0),MATCH(I$4,'[1]2024'!$2:$2,0)),0)+IFERROR(INDEX('[1]2024'!$A:$Q,MATCH($B$3&$D41,'[1]2024'!$B:$B,0),MATCH(I$4,'[1]2024'!$2:$2,0)),0)++IFERROR(INDEX('[1]2024'!$A:$Q,MATCH($C$3&$D41,'[1]2024'!$B:$B,0),MATCH(I$4,'[1]2024'!$2:$2,0)),0)++IFERROR(INDEX('[1]2024'!$A:$Q,MATCH($D$3&$D41,'[1]2024'!$B:$B,0),MATCH(I$4,'[1]2024'!$2:$2,0)),0) -> 0 | J41: =IFERROR(INDEX('[1]2024'!$A:$Q,MATCH($A$3&$D41,'[1]2024'!$B:$B,0),MATCH(J$4,'[1]2024'!$2:$2,0)),0)+IFERROR(INDEX('[1]2024'!$A:$Q,MATCH($B$3&$D41,'[1]2024'!$B:$B,0),MATCH(J$4,'[1]2024'!$2:$2,0)),0)++IFERROR(INDEX('[1]2024'!$A:$Q,MATCH($C$3&$D41,'[1]2024'!$B:$B,0),MATCH(J$4,'[1]2024'!$2:$2,0)),0)++IFERROR(INDEX('[1]2024'!$A:$Q,MATCH($D$3&$D41,'[1]2024'!$B:$B,0),MATCH(J$4,'[1]2024'!$2:$2,0)),0) -> 0 | K41: =IFERROR(INDEX('[1]2024'!$A:$Q,MATCH($A$3&$D41,'[1]2024'!$B:$B,0),MATCH(K$4,'[1]2024'!$2:$2,0)),0)+IFERROR(INDEX('[1]2024'!$A:$Q,MATCH($B$3&$D41,'[1]2024'!$B:$B,0),MATCH(K$4,'[1]2024'!$2:$2,0)),0)++IFERROR(INDEX('[1]2024'!$A:$Q,MATCH($C$3&$D41,'[1]2024'!$B:$B,0),MATCH(K$4,'[1]2024'!$2:$2,0)),0)++IFERROR(INDEX('[1]2024'!$A:$Q,MATCH($D$3&$D41,'[1]2024'!$B:$B,0),MATCH(K$4,'[1]2024'!$2:$2,0)),0) -> 0 | L41: =IFERROR(INDEX('[1]2024'!$A:$Q,MATCH($A$3&$D41,'[1]2024'!$B:$B,0),MATCH(L$4,'[1]2024'!$2:$2,0)),0)+IFERROR(INDEX('[1]2024'!$A:$Q,MATCH($B$3&$D41,'[1]2024'!$B:$B,0),MATCH(L$4,'[1]2024'!$2:$2,0)),0)++IFERROR(INDEX('[1]2024'!$A:$Q,MATCH($C$3&$D41,'[1]2024'!$B:$B,0),MATCH(L$4,'[1]2024'!$2:$2,0)),0)++IFERROR(INDEX('[1]2024'!$A:$Q,MATCH($D$3&$D41,'[1]2024'!$B:$B,0),MATCH(L$4,'[1]2024'!$2:$2,0)),0) -> 0 | M41: =IFERROR(INDEX('[1]2024'!$A:$Q,MATCH($A$3&$D41,'[1]2024'!$B:$B,0),MATCH(M$4,'[1]2024'!$2:$2,0)),0)+IFERROR(INDEX('[1]2024'!$A:$Q,MATCH($B$3&$D41,'[1]2024'!$B:$B,0),MATCH(M$4,'[1]2024'!$2:$2,0)),0)++IFERROR(INDEX('[1]2024'!$A:$Q,MATCH($C$3&$D41,'[1]2024'!$B:$B,0),MATCH(M$4,'[1]2024'!$2:$2,0)),0)++IFERROR(INDEX('[1]2024'!$A:$Q,MATCH($D$3&$D41,'[1]2024'!$B:$B,0),MATCH(M$4,'[1]2024'!$2:$2,0)),0) -> 0 | N41: =IFERROR(INDEX('[1]2024'!$A:$Q,MATCH($A$3&$D41,'[1]2024'!$B:$B,0),MATCH(N$4,'[1]2024'!$2:$2,0)),0)+IFERROR(INDEX('[1]2024'!$A:$Q,MATCH($B$3&$D41,'[1]2024'!$B:$B,0),MATCH(N$4,'[1]2024'!$2:$2,0)),0)++IFERROR(INDEX('[1]2024'!$A:$Q,MATCH($C$3&$D41,'[1]2024'!$B:$B,0),MATCH(N$4,'[1]2024'!$2:$2,0)),0)++IFERROR(INDEX('[1]2024'!$A:$Q,MATCH($D$3&$D41,'[1]2024'!$B:$B,0),MATCH(N$4,'[1]2024'!$2:$2,0)),0) -> 0 | O41: =IFERROR(INDEX('[1]2024'!$A:$Q,MATCH($A$3&$D41,'[1]2024'!$B:$B,0),MATCH(O$4,'[1]2024'!$2:$2,0)),0)+IFERROR(INDEX('[1]2024'!$A:$Q,MATCH($B$3&$D41,'[1]2024'!$B:$B,0),MATCH(O$4,'[1]2024'!$2:$2,0)),0)++IFERROR(INDEX('[1]2024'!$A:$Q,MATCH($C$3&$D41,'[1]2024'!$B:$B,0),MATCH(O$4,'[1]2024'!$2:$2,0)),0)++IFERROR(INDEX('[1]2024'!$A:$Q,MATCH($D$3&$D41,'[1]2024'!$B:$B,0),MATCH(O$4,'[1]2024'!$2:$2,0)),0) -> 0 | ... S41: =IFERROR(INDEX('[1]2024'!$A:$Q,MATCH($A$3&$D41,'[1]2024'!$B:$B,0),MATCH(S$4,'[1]2024'!$2:$2,0)),0)+IFERROR(INDEX('[1]2024'!$A:$Q,MATCH($B$3&$D41,'[1]2024'!$B:$B,0),MATCH(S$4,'[1]2024'!$2:$2,0)),0)++IFERROR(INDEX('[1]2024'!$A:$Q,MATCH($C$3&$D41,'[1]2024'!$B:$B,0),MATCH(S$4,'[1]2024'!$2:$2,0)),0)++IFERROR(INDEX('[1]2024'!$A:$Q,MATCH($D$3&$D41,'[1]2024'!$B:$B,0),MATCH(S$4,'[1]2024'!$2:$2,0)),0) -> 0 | T41: 0 | U41: =SUM(V41:AG41) -> 0 | V41: 0 | W41: 0 | X41: 0 | Y41: 0 | Z41: 0 | AA41: 0 | AB41: 0 | AC41: 0 | AD41: 0 | AE41: 0 | AF41: 0 | AG41: 0 | AH41: =송도공장장!AH41+제조팀!AH41+송도밸리데이션팀!AH41+송도생산지원팀!AH41+송도설비관리팀!AH41 -> 0 | AI41: =송도공장장!AI41+제조팀!AI41+송도밸리데이션팀!AI41+송도생산지원팀!AI41+송도설비관리팀!AI41 -> 0 | AJ41: =송도공장장!AJ41+제조팀!AJ41+송도밸리데이션팀!AJ41+송도생산지원팀!AJ41+송도설비관리팀!AJ41 -> 0 | AK41: =송도공장장!AK41+제조팀!AK41+송도밸리데이션팀!AK41+송도생산지원팀!AK41+송도설비관리팀!AK41 -> 0 | AL41: =송도공장장!AL41+제조팀!AL41+송도밸리데이션팀!AL41+송도생산지원팀!AL41+송도설비관리팀!AL41 -> 0 | AM41: =송도공장장!AM41+제조팀!AM41+송도밸리데이션팀!AM41+송도생산지원팀!AM41+송도설비관리팀!AM41 -> 0 | AN41: =송도공장장!AN41+제조팀!AN41+송도밸리데이션팀!AN41+송도생산지원팀!AN41+송도설비관리팀!AN41 -> 0 | AO41: =송도공장장!AO41+제조팀!AO41+송도밸리데이션팀!AO41+송도생산지원팀!AO41+송도설비관리팀!AO41 -> 0 | ... AT41: =송도공장장!AT41+제조팀!AT41+송도밸리데이션팀!AT41+송도생산지원팀!AT41+송도설비관리팀!AT41 -> 0 | AU41: =SUM(AI41:AK41) -> 0 | AV41: =SUM(AL41:AN41) -> 0 | AW41: =SUM(AO41:AQ41) -> 0 | AX41: =SUM(AR41:AT41) -> 0 | AY41: =IF($BC41="O",1.05*$AH41,$AH41) -> 0 | AZ41: =IF($BC41="O",1.05*$AY41,$AY41) -> 0 | BA41: =IF($BC41="O",1.05*$AZ41,$AZ41) -> 0 | BC41: X | BE41: 0 | BF41: 0 | BG41: 0 | BH41: =G41 -> 0
A42: 복리후생비-식당주부식비(제조) | B42: 식당주부식비(제조) | C42: 고정비 | D42: 5103110 | E42: BT190 | F42: 0 | G42: =SUM(H42:S42) -> 0 | H42: =IFERROR(INDEX('[1]2024'!$A:$Q,MATCH($A$3&$D42,'[1]2024'!$B:$B,0),MATCH(H$4,'[1]2024'!$2:$2,0)),0)+IFERROR(INDEX('[1]2024'!$A:$Q,MATCH($B$3&$D42,'[1]2024'!$B:$B,0),MATCH(H$4,'[1]2024'!$2:$2,0)),0)++IFERROR(INDEX('[1]2024'!$A:$Q,MATCH($C$3&$D42,'[1]2024'!$B:$B,0),MATCH(H$4,'[1]2024'!$2:$2,0)),0)++IFERROR(INDEX('[1]2024'!$A:$Q,MATCH($D$3&$D42,'[1]2024'!$B:$B,0),MATCH(H$4,'[1]2024'!$2:$2,0)),0) -> 0 | I42: =IFERROR(INDEX('[1]2024'!$A:$Q,MATCH($A$3&$D42,'[1]2024'!$B:$B,0),MATCH(I$4,'[1]2024'!$2:$2,0)),0)+IFERROR(INDEX('[1]2024'!$A:$Q,MATCH($B$3&$D42,'[1]2024'!$B:$B,0),MATCH(I$4,'[1]2024'!$2:$2,0)),0)++IFERROR(INDEX('[1]2024'!$A:$Q,MATCH($C$3&$D42,'[1]2024'!$B:$B,0),MATCH(I$4,'[1]2024'!$2:$2,0)),0)++IFERROR(INDEX('[1]2024'!$A:$Q,MATCH($D$3&$D42,'[1]2024'!$B:$B,0),MATCH(I$4,'[1]2024'!$2:$2,0)),0) -> 0 | J42: =IFERROR(INDEX('[1]2024'!$A:$Q,MATCH($A$3&$D42,'[1]2024'!$B:$B,0),MATCH(J$4,'[1]2024'!$2:$2,0)),0)+IFERROR(INDEX('[1]2024'!$A:$Q,MATCH($B$3&$D42,'[1]2024'!$B:$B,0),MATCH(J$4,'[1]2024'!$2:$2,0)),0)++IFERROR(INDEX('[1]2024'!$A:$Q,MATCH($C$3&$D42,'[1]2024'!$B:$B,0),MATCH(J$4,'[1]2024'!$2:$2,0)),0)++IFERROR(INDEX('[1]2024'!$A:$Q,MATCH($D$3&$D42,'[1]2024'!$B:$B,0),MATCH(J$4,'[1]2024'!$2:$2,0)),0) -> 0 | K42: =IFERROR(INDEX('[1]2024'!$A:$Q,MATCH($A$3&$D42,'[1]2024'!$B:$B,0),MATCH(K$4,'[1]2024'!$2:$2,0)),0)+IFERROR(INDEX('[1]2024'!$A:$Q,MATCH($B$3&$D42,'[1]2024'!$B:$B,0),MATCH(K$4,'[1]2024'!$2:$2,0)),0)++IFERROR(INDEX('[1]2024'!$A:$Q,MATCH($C$3&$D42,'[1]2024'!$B:$B,0),MATCH(K$4,'[1]2024'!$2:$2,0)),0)++IFERROR(INDEX('[1]2024'!$A:$Q,MATCH($D$3&$D42,'[1]2024'!$B:$B,0),MATCH(K$4,'[1]2024'!$2:$2,0)),0) -> 0 | L42: =IFERROR(INDEX('[1]2024'!$A:$Q,MATCH($A$3&$D42,'[1]2024'!$B:$B,0),MATCH(L$4,'[1]2024'!$2:$2,0)),0)+IFERROR(INDEX('[1]2024'!$A:$Q,MATCH($B$3&$D42,'[1]2024'!$B:$B,0),MATCH(L$4,'[1]2024'!$2:$2,0)),0)++IFERROR(INDEX('[1]2024'!$A:$Q,MATCH($C$3&$D42,'[1]2024'!$B:$B,0),MATCH(L$4,'[1]2024'!$2:$2,0)),0)++IFERROR(INDEX('[1]2024'!$A:$Q,MATCH($D$3&$D42,'[1]2024'!$B:$B,0),MATCH(L$4,'[1]2024'!$2:$2,0)),0) -> 0 | M42: =IFERROR(INDEX('[1]2024'!$A:$Q,MATCH($A$3&$D42,'[1]2024'!$B:$B,0),MATCH(M$4,'[1]2024'!$2:$2,0)),0)+IFERROR(INDEX('[1]2024'!$A:$Q,MATCH($B$3&$D42,'[1]2024'!$B:$B,0),MATCH(M$4,'[1]2024'!$2:$2,0)),0)++IFERROR(INDEX('[1]2024'!$A:$Q,MATCH($C$3&$D42,'[1]2024'!$B:$B,0),MATCH(M$4,'[1]2024'!$2:$2,0)),0)++IFERROR(INDEX('[1]2024'!$A:$Q,MATCH($D$3&$D42,'[1]2024'!$B:$B,0),MATCH(M$4,'[1]2024'!$2:$2,0)),0) -> 0 | N42: =IFERROR(INDEX('[1]2024'!$A:$Q,MATCH($A$3&$D42,'[1]2024'!$B:$B,0),MATCH(N$4,'[1]2024'!$2:$2,0)),0)+IFERROR(INDEX('[1]2024'!$A:$Q,MATCH($B$3&$D42,'[1]2024'!$B:$B,0),MATCH(N$4,'[1]2024'!$2:$2,0)),0)++IFERROR(INDEX('[1]2024'!$A:$Q,MATCH($C$3&$D42,'[1]2024'!$B:$B,0),MATCH(N$4,'[1]2024'!$2:$2,0)),0)++IFERROR(INDEX('[1]2024'!$A:$Q,MATCH($D$3&$D42,'[1]2024'!$B:$B,0),MATCH(N$4,'[1]2024'!$2:$2,0)),0) -> 0 | O42: =IFERROR(INDEX('[1]2024'!$A:$Q,MATCH($A$3&$D42,'[1]2024'!$B:$B,0),MATCH(O$4,'[1]2024'!$2:$2,0)),0)+IFERROR(INDEX('[1]2024'!$A:$Q,MATCH($B$3&$D42,'[1]2024'!$B:$B,0),MATCH(O$4,'[1]2024'!$2:$2,0)),0)++IFERROR(INDEX('[1]2024'!$A:$Q,MATCH($C$3&$D42,'[1]2024'!$B:$B,0),MATCH(O$4,'[1]2024'!$2:$2,0)),0)++IFERROR(INDEX('[1]2024'!$A:$Q,MATCH($D$3&$D42,'[1]2024'!$B:$B,0),MATCH(O$4,'[1]2024'!$2:$2,0)),0) -> 0 | ... S42: =IFERROR(INDEX('[1]2024'!$A:$Q,MATCH($A$3&$D42,'[1]2024'!$B:$B,0),MATCH(S$4,'[1]2024'!$2:$2,0)),0)+IFERROR(INDEX('[1]2024'!$A:$Q,MATCH($B$3&$D42,'[1]2024'!$B:$B,0),MATCH(S$4,'[1]2024'!$2:$2,0)),0)++IFERROR(INDEX('[1]2024'!$A:$Q,MATCH($C$3&$D42,'[1]2024'!$B:$B,0),MATCH(S$4,'[1]2024'!$2:$2,0)),0)++IFERROR(INDEX('[1]2024'!$A:$Q,MATCH($D$3&$D42,'[1]2024'!$B:$B,0),MATCH(S$4,'[1]2024'!$2:$2,0)),0) -> 0 | T42: 0 | U42: =SUM(V42:AG42) -> 0 | V42: 0 | W42: 0 | X42: 0 | Y42: 0 | Z42: 0 | AA42: 0 | AB42: 0 | AC42: 0 | AD42: 0 | AE42: 0 | AF42: 0 | AG42: 0 | AH42: =송도공장장!AH42+제조팀!AH42+송도밸리데이션팀!AH42+송도생산지원팀!AH42+송도설비관리팀!AH42 -> 0 | AI42: =송도공장장!AI42+제조팀!AI42+송도밸리데이션팀!AI42+송도생산지원팀!AI42+송도설비관리팀!AI42 -> 0 | AJ42: =송도공장장!AJ42+제조팀!AJ42+송도밸리데이션팀!AJ42+송도생산지원팀!AJ42+송도설비관리팀!AJ42 -> 0 | AK42: =송도공장장!AK42+제조팀!AK42+송도밸리데이션팀!AK42+송도생산지원팀!AK42+송도설비관리팀!AK42 -> 0 | AL42: =송도공장장!AL42+제조팀!AL42+송도밸리데이션팀!AL42+송도생산지원팀!AL42+송도설비관리팀!AL42 -> 0 | AM42: =송도공장장!AM42+제조팀!AM42+송도밸리데이션팀!AM42+송도생산지원팀!AM42+송도설비관리팀!AM42 -> 0 | AN42: =송도공장장!AN42+제조팀!AN42+송도밸리데이션팀!AN42+송도생산지원팀!AN42+송도설비관리팀!AN42 -> 0 | AO42: =송도공장장!AO42+제조팀!AO42+송도밸리데이션팀!AO42+송도생산지원팀!AO42+송도설비관리팀!AO42 -> 0 | ... AT42: =송도공장장!AT42+제조팀!AT42+송도밸리데이션팀!AT42+송도생산지원팀!AT42+송도설비관리팀!AT42 -> 0 | AU42: =SUM(AI42:AK42) -> 0 | AV42: =SUM(AL42:AN42) -> 0 | AW42: =SUM(AO42:AQ42) -> 0 | AX42: =SUM(AR42:AT42) -> 0 | AY42: =IF($BC42="O",1.05*$AH42,$AH42) -> 0 | AZ42: =IF($BC42="O",1.05*$AY42,$AY42) -> 0 | BA42: =IF($BC42="O",1.05*$AZ42,$AZ42) -> 0 | BC42: X | BE42: 0 | BF42: 0 | BG42: 0 | BH42: =G42 -> 0
A43: 복리후생비-법정후생비(제조) | B43: 준인건비(기본) | C43: 고정비 | D43: 5103270 | E43: BT289 | F43: 98912500 | G43: =SUM(H43:S43) -> 94634800 | H43: =IFERROR(INDEX('[1]2024'!$A:$Q,MATCH($A$3&$D43,'[1]2024'!$B:$B,0),MATCH(H$4,'[1]2024'!$2:$2,0)),0)+IFERROR(INDEX('[1]2024'!$A:$Q,MATCH($B$3&$D43,'[1]2024'!$B:$B,0),MATCH(H$4,'[1]2024'!$2:$2,0)),0)++IFERROR(INDEX('[1]2024'!$A:$Q,MATCH($C$3&$D43,'[1]2024'!$B:$B,0),MATCH(H$4,'[1]2024'!$2:$2,0)),0)++IFERROR(INDEX('[1]2024'!$A:$Q,MATCH($D$3&$D43,'[1]2024'!$B:$B,0),MATCH(H$4,'[1]2024'!$2:$2,0)),0) -> 7988640 | I43: =IFERROR(INDEX('[1]2024'!$A:$Q,MATCH($A$3&$D43,'[1]2024'!$B:$B,0),MATCH(I$4,'[1]2024'!$2:$2,0)),0)+IFERROR(INDEX('[1]2024'!$A:$Q,MATCH($B$3&$D43,'[1]2024'!$B:$B,0),MATCH(I$4,'[1]2024'!$2:$2,0)),0)++IFERROR(INDEX('[1]2024'!$A:$Q,MATCH($C$3&$D43,'[1]2024'!$B:$B,0),MATCH(I$4,'[1]2024'!$2:$2,0)),0)++IFERROR(INDEX('[1]2024'!$A:$Q,MATCH($D$3&$D43,'[1]2024'!$B:$B,0),MATCH(I$4,'[1]2024'!$2:$2,0)),0) -> 7670800 | J43: =IFERROR(INDEX('[1]2024'!$A:$Q,MATCH($A$3&$D43,'[1]2024'!$B:$B,0),MATCH(J$4,'[1]2024'!$2:$2,0)),0)+IFERROR(INDEX('[1]2024'!$A:$Q,MATCH($B$3&$D43,'[1]2024'!$B:$B,0),MATCH(J$4,'[1]2024'!$2:$2,0)),0)++IFERROR(INDEX('[1]2024'!$A:$Q,MATCH($C$3&$D43,'[1]2024'!$B:$B,0),MATCH(J$4,'[1]2024'!$2:$2,0)),0)++IFERROR(INDEX('[1]2024'!$A:$Q,MATCH($D$3&$D43,'[1]2024'!$B:$B,0),MATCH(J$4,'[1]2024'!$2:$2,0)),0) -> 7670800 | K43: =IFERROR(INDEX('[1]2024'!$A:$Q,MATCH($A$3&$D43,'[1]2024'!$B:$B,0),MATCH(K$4,'[1]2024'!$2:$2,0)),0)+IFERROR(INDEX('[1]2024'!$A:$Q,MATCH($B$3&$D43,'[1]2024'!$B:$B,0),MATCH(K$4,'[1]2024'!$2:$2,0)),0)++IFERROR(INDEX('[1]2024'!$A:$Q,MATCH($C$3&$D43,'[1]2024'!$B:$B,0),MATCH(K$4,'[1]2024'!$2:$2,0)),0)++IFERROR(INDEX('[1]2024'!$A:$Q,MATCH($D$3&$D43,'[1]2024'!$B:$B,0),MATCH(K$4,'[1]2024'!$2:$2,0)),0) -> 11245960 | L43: =IFERROR(INDEX('[1]2024'!$A:$Q,MATCH($A$3&$D43,'[1]2024'!$B:$B,0),MATCH(L$4,'[1]2024'!$2:$2,0)),0)+IFERROR(INDEX('[1]2024'!$A:$Q,MATCH($B$3&$D43,'[1]2024'!$B:$B,0),MATCH(L$4,'[1]2024'!$2:$2,0)),0)++IFERROR(INDEX('[1]2024'!$A:$Q,MATCH($C$3&$D43,'[1]2024'!$B:$B,0),MATCH(L$4,'[1]2024'!$2:$2,0)),0)++IFERROR(INDEX('[1]2024'!$A:$Q,MATCH($D$3&$D43,'[1]2024'!$B:$B,0),MATCH(L$4,'[1]2024'!$2:$2,0)),0) -> 8744820 | M43: =IFERROR(INDEX('[1]2024'!$A:$Q,MATCH($A$3&$D43,'[1]2024'!$B:$B,0),MATCH(M$4,'[1]2024'!$2:$2,0)),0)+IFERROR(INDEX('[1]2024'!$A:$Q,MATCH($B$3&$D43,'[1]2024'!$B:$B,0),MATCH(M$4,'[1]2024'!$2:$2,0)),0)++IFERROR(INDEX('[1]2024'!$A:$Q,MATCH($C$3&$D43,'[1]2024'!$B:$B,0),MATCH(M$4,'[1]2024'!$2:$2,0)),0)++IFERROR(INDEX('[1]2024'!$A:$Q,MATCH($D$3&$D43,'[1]2024'!$B:$B,0),MATCH(M$4,'[1]2024'!$2:$2,0)),0) -> 7409590 | N43: =IFERROR(INDEX('[1]2024'!$A:$Q,MATCH($A$3&$D43,'[1]2024'!$B:$B,0),MATCH(N$4,'[1]2024'!$2:$2,0)),0)+IFERROR(INDEX('[1]2024'!$A:$Q,MATCH($B$3&$D43,'[1]2024'!$B:$B,0),MATCH(N$4,'[1]2024'!$2:$2,0)),0)++IFERROR(INDEX('[1]2024'!$A:$Q,MATCH($C$3&$D43,'[1]2024'!$B:$B,0),MATCH(N$4,'[1]2024'!$2:$2,0)),0)++IFERROR(INDEX('[1]2024'!$A:$Q,MATCH($D$3&$D43,'[1]2024'!$B:$B,0),MATCH(N$4,'[1]2024'!$2:$2,0)),0) -> 7414800 | O43: =IFERROR(INDEX('[1]2024'!$A:$Q,MATCH($A$3&$D43,'[1]2024'!$B:$B,0),MATCH(O$4,'[1]2024'!$2:$2,0)),0)+IFERROR(INDEX('[1]2024'!$A:$Q,MATCH($B$3&$D43,'[1]2024'!$B:$B,0),MATCH(O$4,'[1]2024'!$2:$2,0)),0)++IFERROR(INDEX('[1]2024'!$A:$Q,MATCH($C$3&$D43,'[1]2024'!$B:$B,0),MATCH(O$4,'[1]2024'!$2:$2,0)),0)++IFERROR(INDEX('[1]2024'!$A:$Q,MATCH($D$3&$D43,'[1]2024'!$B:$B,0),MATCH(O$4,'[1]2024'!$2:$2,0)),0) -> 7567840 | ... S43: =IFERROR(INDEX('[1]2024'!$A:$Q,MATCH($A$3&$D43,'[1]2024'!$B:$B,0),MATCH(S$4,'[1]2024'!$2:$2,0)),0)+IFERROR(INDEX('[1]2024'!$A:$Q,MATCH($B$3&$D43,'[1]2024'!$B:$B,0),MATCH(S$4,'[1]2024'!$2:$2,0)),0)++IFERROR(INDEX('[1]2024'!$A:$Q,MATCH($C$3&$D43,'[1]2024'!$B:$B,0),MATCH(S$4,'[1]2024'!$2:$2,0)),0)++IFERROR(INDEX('[1]2024'!$A:$Q,MATCH($D$3&$D43,'[1]2024'!$B:$B,0),MATCH(S$4,'[1]2024'!$2:$2,0)),0) -> 6942040 | T43: 1.0068045e+08 | U43: =SUM(V43:AG43) -> 1.0263019e+08 | V43: 7953130 | W43: 7290710 | X43: 7290710 | Y43: 11402030 | Z43: 8183720 | AA43: 8177011.8 | AB43: 8722145.9 | AC43: 8722145.9 | AD43: 8722145.9 | AE43: 8722145.9 | AF43: 8722145.9 | AG43: 8722145.9 | AH43: =송도공장장!AH43+제조팀!AH43+송도밸리데이션팀!AH43+송도생산지원팀!AH43+송도설비관리팀!AH43 -> 356343864 | AI43: =송도공장장!AI43+제조팀!AI43+송도밸리데이션팀!AI43+송도생산지원팀!AI43+송도설비관리팀!AI43 -> 29695322 | AJ43: =송도공장장!AJ43+제조팀!AJ43+송도밸리데이션팀!AJ43+송도생산지원팀!AJ43+송도설비관리팀!AJ43 -> 29695322 | AK43: =송도공장장!AK43+제조팀!AK43+송도밸리데이션팀!AK43+송도생산지원팀!AK43+송도설비관리팀!AK43 -> 29695322 | AL43: =송도공장장!AL43+제조팀!AL43+송도밸리데이션팀!AL43+송도생산지원팀!AL43+송도설비관리팀!AL43 -> 29695322 | AM43: =송도공장장!AM43+제조팀!AM43+송도밸리데이션팀!AM43+송도생산지원팀!AM43+송도설비관리팀!AM43 -> 29695322 | AN43: =송도공장장!AN43+제조팀!AN43+송도밸리데이션팀!AN43+송도생산지원팀!AN43+송도설비관리팀!AN43 -> 29695322 | AO43: =송도공장장!AO43+제조팀!AO43+송도밸리데이션팀!AO43+송도생산지원팀!AO43+송도설비관리팀!AO43 -> 29695322 | ... AT43: =송도공장장!AT43+제조팀!AT43+송도밸리데이션팀!AT43+송도생산지원팀!AT43+송도설비관리팀!AT43 -> 29695322 | AU43: =SUM(AI43:AK43) -> 89085966 | AV43: =SUM(AL43:AN43) -> 89085966 | AW43: =SUM(AO43:AQ43) -> 89085966 | AX43: =SUM(AR43:AT43) -> 89085966 | AY43: =IF($BC43="O",1.05*$AH43,$AH43) -> 3.7416106e+08 | AZ43: =IF($BC43="O",1.05*$AY43,$AY43) -> 3.9286911e+08 | BA43: =IF($BC43="O",1.05*$AZ43,$AZ43) -> 4.1251257e+08 | BB43: 25년 15명/ 26년 17명 / 27년 17명 / 28년 17명 / 29년 17명 | BC43: O | BD43: O | BE43: 0 | BF43: 52844960 | BG43: 92063920 | BH43: =G43 -> 94634800
A44: 복리후생비-식당운영비(제조) | B44: 복리후생비-식당운영비(제조) | C44: 변동비 | D44: 5103111 | E44: BT389 | F44: 0 | G44: =SUM(H44:S44) -> 0 | H44: =IFERROR(INDEX('[1]2024'!$A:$Q,MATCH($A$3&$D44,'[1]2024'!$B:$B,0),MATCH(H$4,'[1]2024'!$2:$2,0)),0)+IFERROR(INDEX('[1]2024'!$A:$Q,MATCH($B$3&$D44,'[1]2024'!$B:$B,0),MATCH(H$4,'[1]2024'!$2:$2,0)),0)++IFERROR(INDEX('[1]2024'!$A:$Q,MATCH($C$3&$D44,'[1]2024'!$B:$B,0),MATCH(H$4,'[1]2024'!$2:$2,0)),0)++IFERROR(INDEX('[1]2024'!$A:$Q,MATCH($D$3&$D44,'[1]2024'!$B:$B,0),MATCH(H$4,'[1]2024'!$2:$2,0)),0) -> 0 | I44: =IFERROR(INDEX('[1]2024'!$A:$Q,MATCH($A$3&$D44,'[1]2024'!$B:$B,0),MATCH(I$4,'[1]2024'!$2:$2,0)),0)+IFERROR(INDEX('[1]2024'!$A:$Q,MATCH($B$3&$D44,'[1]2024'!$B:$B,0),MATCH(I$4,'[1]2024'!$2:$2,0)),0)++IFERROR(INDEX('[1]2024'!$A:$Q,MATCH($C$3&$D44,'[1]2024'!$B:$B,0),MATCH(I$4,'[1]2024'!$2:$2,0)),0)++IFERROR(INDEX('[1]2024'!$A:$Q,MATCH($D$3&$D44,'[1]2024'!$B:$B,0),MATCH(I$4,'[1]2024'!$2:$2,0)),0) -> 0 | J44: =IFERROR(INDEX('[1]2024'!$A:$Q,MATCH($A$3&$D44,'[1]2024'!$B:$B,0),MATCH(J$4,'[1]2024'!$2:$2,0)),0)+IFERROR(INDEX('[1]2024'!$A:$Q,MATCH($B$3&$D44,'[1]2024'!$B:$B,0),MATCH(J$4,'[1]2024'!$2:$2,0)),0)++IFERROR(INDEX('[1]2024'!$A:$Q,MATCH($C$3&$D44,'[1]2024'!$B:$B,0),MATCH(J$4,'[1]2024'!$2:$2,0)),0)++IFERROR(INDEX('[1]2024'!$A:$Q,MATCH($D$3&$D44,'[1]2024'!$B:$B,0),MATCH(J$4,'[1]2024'!$2:$2,0)),0) -> 0 | K44: =IFERROR(INDEX('[1]2024'!$A:$Q,MATCH($A$3&$D44,'[1]2024'!$B:$B,0),MATCH(K$4,'[1]2024'!$2:$2,0)),0)+IFERROR(INDEX('[1]2024'!$A:$Q,MATCH($B$3&$D44,'[1]2024'!$B:$B,0),MATCH(K$4,'[1]2024'!$2:$2,0)),0)++IFERROR(INDEX('[1]2024'!$A:$Q,MATCH($C$3&$D44,'[1]2024'!$B:$B,0),MATCH(K$4,'[1]2024'!$2:$2,0)),0)++IFERROR(INDEX('[1]2024'!$A:$Q,MATCH($D$3&$D44,'[1]2024'!$B:$B,0),MATCH(K$4,'[1]2024'!$2:$2,0)),0) -> 0 | L44: =IFERROR(INDEX('[1]2024'!$A:$Q,MATCH($A$3&$D44,'[1]2024'!$B:$B,0),MATCH(L$4,'[1]2024'!$2:$2,0)),0)+IFERROR(INDEX('[1]2024'!$A:$Q,MATCH($B$3&$D44,'[1]2024'!$B:$B,0),MATCH(L$4,'[1]2024'!$2:$2,0)),0)++IFERROR(INDEX('[1]2024'!$A:$Q,MATCH($C$3&$D44,'[1]2024'!$B:$B,0),MATCH(L$4,'[1]2024'!$2:$2,0)),0)++IFERROR(INDEX('[1]2024'!$A:$Q,MATCH($D$3&$D44,'[1]2024'!$B:$B,0),MATCH(L$4,'[1]2024'!$2:$2,0)),0) -> 0 | M44: =IFERROR(INDEX('[1]2024'!$A:$Q,MATCH($A$3&$D44,'[1]2024'!$B:$B,0),MATCH(M$4,'[1]2024'!$2:$2,0)),0)+IFERROR(INDEX('[1]2024'!$A:$Q,MATCH($B$3&$D44,'[1]2024'!$B:$B,0),MATCH(M$4,'[1]2024'!$2:$2,0)),0)++IFERROR(INDEX('[1]2024'!$A:$Q,MATCH($C$3&$D44,'[1]2024'!$B:$B,0),MATCH(M$4,'[1]2024'!$2:$2,0)),0)++IFERROR(INDEX('[1]2024'!$A:$Q,MATCH($D$3&$D44,'[1]2024'!$B:$B,0),MATCH(M$4,'[1]2024'!$2:$2,0)),0) -> 0 | N44: =IFERROR(INDEX('[1]2024'!$A:$Q,MATCH($A$3&$D44,'[1]2024'!$B:$B,0),MATCH(N$4,'[1]2024'!$2:$2,0)),0)+IFERROR(INDEX('[1]2024'!$A:$Q,MATCH($B$3&$D44,'[1]2024'!$B:$B,0),MATCH(N$4,'[1]2024'!$2:$2,0)),0)++IFERROR(INDEX('[1]2024'!$A:$Q,MATCH($C$3&$D44,'[1]2024'!$B:$B,0),MATCH(N$4,'[1]2024'!$2:$2,0)),0)++IFERROR(INDEX('[1]2024'!$A:$Q,MATCH($D$3&$D44,'[1]2024'!$B:$B,0),MATCH(N$4,'[1]2024'!$2:$2,0)),0) -> 0 | O44: =IFERROR(INDEX('[1]2024'!$A:$Q,MATCH($A$3&$D44,'[1]2024'!$B:$B,0),MATCH(O$4,'[1]2024'!$2:$2,0)),0)+IFERROR(INDEX('[1]2024'!$A:$Q,MATCH($B$3&$D44,'[1]2024'!$B:$B,0),MATCH(O$4,'[1]2024'!$2:$2,0)),0)++IFERROR(INDEX('[1]2024'!$A:$Q,MATCH($C$3&$D44,'[1]2024'!$B:$B,0),MATCH(O$4,'[1]2024'!$2:$2,0)),0)++IFERROR(INDEX('[1]2024'!$A:$Q,MATCH($D$3&$D44,'[1]2024'!$B:$B,0),MATCH(O$4,'[1]2024'!$2:$2,0)),0) -> 0 | ... S44: =IFERROR(INDEX('[1]2024'!$A:$Q,MATCH($A$3&$D44,'[1]2024'!$B:$B,0),MATCH(S$4,'[1]2024'!$2:$2,0)),0)+IFERROR(INDEX('[1]2024'!$A:$Q,MATCH($B$3&$D44,'[1]2024'!$B:$B,0),MATCH(S$4,'[1]2024'!$2:$2,0)),0)++IFERROR(INDEX('[1]2024'!$A:$Q,MATCH($C$3&$D44,'[1]2024'!$B:$B,0),MATCH(S$4,'[1]2024'!$2:$2,0)),0)++IFERROR(INDEX('[1]2024'!$A:$Q,MATCH($D$3&$D44,'[1]2024'!$B:$B,0),MATCH(S$4,'[1]2024'!$2:$2,0)),0) -> 0 | T44: 0 | U44: =SUM(V44:AG44) -> 61093 | V44: 25455 | W44: 0 | X44: 9091 | Y44: 26547 | Z44: 0 | AA44: 0 | AB44: 0 | AC44: 0 | AD44: 0 | AE44: 0 | AF44: 0 | AG44: 0 | AH44: =송도공장장!AH44+제조팀!AH44+송도밸리데이션팀!AH44+송도생산지원팀!AH44+송도설비관리팀!AH44 -> 6682080 | AI44: =송도공장장!AI44+제조팀!AI44+송도밸리데이션팀!AI44+송도생산지원팀!AI44+송도설비관리팀!AI44 -> 556840 | AJ44: =송도공장장!AJ44+제조팀!AJ44+송도밸리데이션팀!AJ44+송도생산지원팀!AJ44+송도설비관리팀!AJ44 -> 556840 | AK44: =송도공장장!AK44+제조팀!AK44+송도밸리데이션팀!AK44+송도생산지원팀!AK44+송도설비관리팀!AK44 -> 556840 | AL44: =송도공장장!AL44+제조팀!AL44+송도밸리데이션팀!AL44+송도생산지원팀!AL44+송도설비관리팀!AL44 -> 556840 | AM44: =송도공장장!AM44+제조팀!AM44+송도밸리데이션팀!AM44+송도생산지원팀!AM44+송도설비관리팀!AM44 -> 556840 | AN44: =송도공장장!AN44+제조팀!AN44+송도밸리데이션팀!AN44+송도생산지원팀!AN44+송도설비관리팀!AN44 -> 556840 | AO44: =송도공장장!AO44+제조팀!AO44+송도밸리데이션팀!AO44+송도생산지원팀!AO44+송도설비관리팀!AO44 -> 556840 | ... AT44: =송도공장장!AT44+제조팀!AT44+송도밸리데이션팀!AT44+송도생산지원팀!AT44+송도설비관리팀!AT44 -> 556840 | AU44: =SUM(AI44:AK44) -> 1670520 | AV44: =SUM(AL44:AN44) -> 1670520 | AW44: =SUM(AO44:AQ44) -> 1670520 | AX44: =SUM(AR44:AT44) -> 1670520 | AY44: =IF($BC44="O",1.05*$AH44,$AH44) -> 7016184 | AZ44: =IF($BC44="O",1.05*$AY44,$AY44) -> 7366993.2 | BA44: =IF($BC44="O",1.05*$AZ44,$AZ44) -> 7735342.9 | BC44: O | BE44: 0 | BF44: 86077 | BG44: 25455 | BH44: =G44 -> 0
A45: 복리후생비-부서활동비(제조) | B45: 복리후생비-부서활동비(제조) | C45: 고정비 | D45: 5103131 | E45: BT394 | F45: 5940000 | G45: =SUM(H45:S45) -> 5558619 | H45: =IFERROR(INDEX('[1]2024'!$A:$Q,MATCH($A$3&$D45,'[1]2024'!$B:$B,0),MATCH(H$4,'[1]2024'!$2:$2,0)),0)+IFERROR(INDEX('[1]2024'!$A:$Q,MATCH($B$3&$D45,'[1]2024'!$B:$B,0),MATCH(H$4,'[1]2024'!$2:$2,0)),0)++IFERROR(INDEX('[1]2024'!$A:$Q,MATCH($C$3&$D45,'[1]2024'!$B:$B,0),MATCH(H$4,'[1]2024'!$2:$2,0)),0)++IFERROR(INDEX('[1]2024'!$A:$Q,MATCH($D$3&$D45,'[1]2024'!$B:$B,0),MATCH(H$4,'[1]2024'!$2:$2,0)),0) -> 47455 | I45: =IFERROR(INDEX('[1]2024'!$A:$Q,MATCH($A$3&$D45,'[1]2024'!$B:$B,0),MATCH(I$4,'[1]2024'!$2:$2,0)),0)+IFERROR(INDEX('[1]2024'!$A:$Q,MATCH($B$3&$D45,'[1]2024'!$B:$B,0),MATCH(I$4,'[1]2024'!$2:$2,0)),0)++IFERROR(INDEX('[1]2024'!$A:$Q,MATCH($C$3&$D45,'[1]2024'!$B:$B,0),MATCH(I$4,'[1]2024'!$2:$2,0)),0)++IFERROR(INDEX('[1]2024'!$A:$Q,MATCH($D$3&$D45,'[1]2024'!$B:$B,0),MATCH(I$4,'[1]2024'!$2:$2,0)),0) -> 762819 | J45: =IFERROR(INDEX('[1]2024'!$A:$Q,MATCH($A$3&$D45,'[1]2024'!$B:$B,0),MATCH(J$4,'[1]2024'!$2:$2,0)),0)+IFERROR(INDEX('[1]2024'!$A:$Q,MATCH($B$3&$D45,'[1]2024'!$B:$B,0),MATCH(J$4,'[1]2024'!$2:$2,0)),0)++IFERROR(INDEX('[1]2024'!$A:$Q,MATCH($C$3&$D45,'[1]2024'!$B:$B,0),MATCH(J$4,'[1]2024'!$2:$2,0)),0)++IFERROR(INDEX('[1]2024'!$A:$Q,MATCH($D$3&$D45,'[1]2024'!$B:$B,0),MATCH(J$4,'[1]2024'!$2:$2,0)),0) -> 612050 | K45: =IFERROR(INDEX('[1]2024'!$A:$Q,MATCH($A$3&$D45,'[1]2024'!$B:$B,0),MATCH(K$4,'[1]2024'!$2:$2,0)),0)+IFERROR(INDEX('[1]2024'!$A:$Q,MATCH($B$3&$D45,'[1]2024'!$B:$B,0),MATCH(K$4,'[1]2024'!$2:$2,0)),0)++IFERROR(INDEX('[1]2024'!$A:$Q,MATCH($C$3&$D45,'[1]2024'!$B:$B,0),MATCH(K$4,'[1]2024'!$2:$2,0)),0)++IFERROR(INDEX('[1]2024'!$A:$Q,MATCH($D$3&$D45,'[1]2024'!$B:$B,0),MATCH(K$4,'[1]2024'!$2:$2,0)),0) -> 1072365 | L45: =IFERROR(INDEX('[1]2024'!$A:$Q,MATCH($A$3&$D45,'[1]2024'!$B:$B,0),MATCH(L$4,'[1]2024'!$2:$2,0)),0)+IFERROR(INDEX('[1]2024'!$A:$Q,MATCH($B$3&$D45,'[1]2024'!$B:$B,0),MATCH(L$4,'[1]2024'!$2:$2,0)),0)++IFERROR(INDEX('[1]2024'!$A:$Q,MATCH($C$3&$D45,'[1]2024'!$B:$B,0),MATCH(L$4,'[1]2024'!$2:$2,0)),0)++IFERROR(INDEX('[1]2024'!$A:$Q,MATCH($D$3&$D45,'[1]2024'!$B:$B,0),MATCH(L$4,'[1]2024'!$2:$2,0)),0) -> 54641 | M45: =IFERROR(INDEX('[1]2024'!$A:$Q,MATCH($A$3&$D45,'[1]2024'!$B:$B,0),MATCH(M$4,'[1]2024'!$2:$2,0)),0)+IFERROR(INDEX('[1]2024'!$A:$Q,MATCH($B$3&$D45,'[1]2024'!$B:$B,0),MATCH(M$4,'[1]2024'!$2:$2,0)),0)++IFERROR(INDEX('[1]2024'!$A:$Q,MATCH($C$3&$D45,'[1]2024'!$B:$B,0),MATCH(M$4,'[1]2024'!$2:$2,0)),0)++IFERROR(INDEX('[1]2024'!$A:$Q,MATCH($D$3&$D45,'[1]2024'!$B:$B,0),MATCH(M$4,'[1]2024'!$2:$2,0)),0) -> 300000 | N45: =IFERROR(INDEX('[1]2024'!$A:$Q,MATCH($A$3&$D45,'[1]2024'!$B:$B,0),MATCH(N$4,'[1]2024'!$2:$2,0)),0)+IFERROR(INDEX('[1]2024'!$A:$Q,MATCH($B$3&$D45,'[1]2024'!$B:$B,0),MATCH(N$4,'[1]2024'!$2:$2,0)),0)++IFERROR(INDEX('[1]2024'!$A:$Q,MATCH($C$3&$D45,'[1]2024'!$B:$B,0),MATCH(N$4,'[1]2024'!$2:$2,0)),0)++IFERROR(INDEX('[1]2024'!$A:$Q,MATCH($D$3&$D45,'[1]2024'!$B:$B,0),MATCH(N$4,'[1]2024'!$2:$2,0)),0) -> 824097 | O45: =IFERROR(INDEX('[1]2024'!$A:$Q,MATCH($A$3&$D45,'[1]2024'!$B:$B,0),MATCH(O$4,'[1]2024'!$2:$2,0)),0)+IFERROR(INDEX('[1]2024'!$A:$Q,MATCH($B$3&$D45,'[1]2024'!$B:$B,0),MATCH(O$4,'[1]2024'!$2:$2,0)),0)++IFERROR(INDEX('[1]2024'!$A:$Q,MATCH($C$3&$D45,'[1]2024'!$B:$B,0),MATCH(O$4,'[1]2024'!$2:$2,0)),0)++IFERROR(INDEX('[1]2024'!$A:$Q,MATCH($D$3&$D45,'[1]2024'!$B:$B,0),MATCH(O$4,'[1]2024'!$2:$2,0)),0) -> 0 | ... S45: =IFERROR(INDEX('[1]2024'!$A:$Q,MATCH($A$3&$D45,'[1]2024'!$B:$B,0),MATCH(S$4,'[1]2024'!$2:$2,0)),0)+IFERROR(INDEX('[1]2024'!$A:$Q,MATCH($B$3&$D45,'[1]2024'!$B:$B,0),MATCH(S$4,'[1]2024'!$2:$2,0)),0)++IFERROR(INDEX('[1]2024'!$A:$Q,MATCH($C$3&$D45,'[1]2024'!$B:$B,0),MATCH(S$4,'[1]2024'!$2:$2,0)),0)++IFERROR(INDEX('[1]2024'!$A:$Q,MATCH($D$3&$D45,'[1]2024'!$B:$B,0),MATCH(S$4,'[1]2024'!$2:$2,0)),0) -> 1202006 | T45: 5580000 | U45: =SUM(V45:AG45) -> 5617334 | V45: 65365 | W45: 92914 | X45: 891381 | Y45: 109851 | Z45: 1127823 | AA45: 450000 | AB45: 480000 | AC45: 480000 | AD45: 480000 | AE45: 480000 | AF45: 480000 | AG45: 480000 | AH45: =송도공장장!AH45+제조팀!AH45+송도밸리데이션팀!AH45+송도생산지원팀!AH45+송도설비관리팀!AH45 -> 35040000 | AI45: =송도공장장!AI45+제조팀!AI45+송도밸리데이션팀!AI45+송도생산지원팀!AI45+송도설비관리팀!AI45 -> 2920000 | AJ45: =송도공장장!AJ45+제조팀!AJ45+송도밸리데이션팀!AJ45+송도생산지원팀!AJ45+송도설비관리팀!AJ45 -> 2920000 | AK45: =송도공장장!AK45+제조팀!AK45+송도밸리데이션팀!AK45+송도생산지원팀!AK45+송도설비관리팀!AK45 -> 2920000 | AL45: =송도공장장!AL45+제조팀!AL45+송도밸리데이션팀!AL45+송도생산지원팀!AL45+송도설비관리팀!AL45 -> 2920000 | AM45: =송도공장장!AM45+제조팀!AM45+송도밸리데이션팀!AM45+송도생산지원팀!AM45+송도설비관리팀!AM45 -> 2920000 | AN45: =송도공장장!AN45+제조팀!AN45+송도밸리데이션팀!AN45+송도생산지원팀!AN45+송도설비관리팀!AN45 -> 2920000 | AO45: =송도공장장!AO45+제조팀!AO45+송도밸리데이션팀!AO45+송도생산지원팀!AO45+송도설비관리팀!AO45 -> 2920000 | ... AT45: =송도공장장!AT45+제조팀!AT45+송도밸리데이션팀!AT45+송도생산지원팀!AT45+송도설비관리팀!AT45 -> 2920000 | AU45: =SUM(AI45:AK45) -> 8760000 | AV45: =SUM(AL45:AN45) -> 8760000 | AW45: =SUM(AO45:AQ45) -> 8760000 | AX45: =SUM(AR45:AT45) -> 8760000 | AY45: =IF($BC45="O",1.05*$AH45,$AH45) -> 35040000 | AZ45: =IF($BC45="O",1.05*$AY45,$AY45) -> 35040000 | BA45: =IF($BC45="O",1.05*$AZ45,$AZ45) -> 35040000 | BC45: X | BD45: O | BE45: 0 | BF45: 3807472 | BG45: 5785850 | BH45: =G45 -> 5558619
A46: 2.여비교통비 | B46: - | F46: 4400000 | G46: =SUM(G47:G51) -> 2512272 | H46: =SUM(H47:H51) -> 50700 | I46: =SUM(I47:I51) -> 263443 | J46: =SUM(J47:J51) -> 254820 | K46: =SUM(K47:K51) -> 432200 | L46: =SUM(L47:L51) -> 872234 | M46: =SUM(M47:M51) -> 65745 | N46: =SUM(N47:N51) -> 0 | ... S46: =SUM(S47:S51) -> 85692 | T46: 5400000 | U46: =SUM(U47:U51) -> 8169907 | V46: =SUM(V47:V51) -> 325855 | W46: =SUM(W47:W51) -> 2836917 | X46: =SUM(X47:X51) -> 1512925 | Y46: =SUM(Y47:Y51) -> 39592 | Z46: =SUM(Z47:Z51) -> 304618 | AA46: 450000 | AB46: 450000 | AC46: 450000 | AD46: 450000 | AE46: 450000 | AF46: 450000 | AG46: 450000 | AH46: =SUM(AH47:AH51) -> 8840008 | AI46: =SUM(AI47:AI51) -> 670000 | AJ46: =SUM(AJ47:AJ51) -> 670000 | AK46: =SUM(AK47:AK51) -> 870002 | AL46: =SUM(AL47:AL51) -> 670000 | AM46: =SUM(AM47:AM51) -> 670000 | AN46: =SUM(AN47:AN51) -> 870002 | AO46: =SUM(AO47:AO51) -> 670000 | ... AT46: =SUM(AT47:AT51) -> 870002 | AU46: =SUM(AI46:AK46) -> 2210002 | AV46: =SUM(AL46:AN46) -> 2210002 | AW46: =SUM(AO46:AQ46) -> 2210002 | AX46: =SUM(AR46:AT46) -> 2210002 | AY46: =SUM(AY47:AY51) -> 9100008 | AZ46: =SUM(AZ47:AZ51) -> 9373008 | BA46: =SUM(BA47:BA51) -> 9659658 | BE46: =SUM(BE47:BE51) -> 0 | BF46: 9809638 | BG46: 7204537 | BH46: =G46 -> 2512272
A47: 여비교통비-해외출장비(제조) | B47: 해외출장비 | C47: 고정비 | D47: 5104110 | E47: BT454 | F47: 0 | G47: =SUM(H47:S47) -> 400329 | H47: =IFERROR(INDEX('[1]2024'!$A:$Q,MATCH($A$3&$D47,'[1]2024'!$B:$B,0),MATCH(H$4,'[1]2024'!$2:$2,0)),0)+IFERROR(INDEX('[1]2024'!$A:$Q,MATCH($B$3&$D47,'[1]2024'!$B:$B,0),MATCH(H$4,'[1]2024'!$2:$2,0)),0)++IFERROR(INDEX('[1]2024'!$A:$Q,MATCH($C$3&$D47,'[1]2024'!$B:$B,0),MATCH(H$4,'[1]2024'!$2:$2,0)),0)++IFERROR(INDEX('[1]2024'!$A:$Q,MATCH($D$3&$D47,'[1]2024'!$B:$B,0),MATCH(H$4,'[1]2024'!$2:$2,0)),0) -> 0 | I47: =IFERROR(INDEX('[1]2024'!$A:$Q,MATCH($A$3&$D47,'[1]2024'!$B:$B,0),MATCH(I$4,'[1]2024'!$2:$2,0)),0)+IFERROR(INDEX('[1]2024'!$A:$Q,MATCH($B$3&$D47,'[1]2024'!$B:$B,0),MATCH(I$4,'[1]2024'!$2:$2,0)),0)++IFERROR(INDEX('[1]2024'!$A:$Q,MATCH($C$3&$D47,'[1]2024'!$B:$B,0),MATCH(I$4,'[1]2024'!$2:$2,0)),0)++IFERROR(INDEX('[1]2024'!$A:$Q,MATCH($D$3&$D47,'[1]2024'!$B:$B,0),MATCH(I$4,'[1]2024'!$2:$2,0)),0) -> 0 | J47: =IFERROR(INDEX('[1]2024'!$A:$Q,MATCH($A$3&$D47,'[1]2024'!$B:$B,0),MATCH(J$4,'[1]2024'!$2:$2,0)),0)+IFERROR(INDEX('[1]2024'!$A:$Q,MATCH($B$3&$D47,'[1]2024'!$B:$B,0),MATCH(J$4,'[1]2024'!$2:$2,0)),0)++IFERROR(INDEX('[1]2024'!$A:$Q,MATCH($C$3&$D47,'[1]2024'!$B:$B,0),MATCH(J$4,'[1]2024'!$2:$2,0)),0)++IFERROR(INDEX('[1]2024'!$A:$Q,MATCH($D$3&$D47,'[1]2024'!$B:$B,0),MATCH(J$4,'[1]2024'!$2:$2,0)),0) -> 0 | K47: =IFERROR(INDEX('[1]2024'!$A:$Q,MATCH($A$3&$D47,'[1]2024'!$B:$B,0),MATCH(K$4,'[1]2024'!$2:$2,0)),0)+IFERROR(INDEX('[1]2024'!$A:$Q,MATCH($B$3&$D47,'[1]2024'!$B:$B,0),MATCH(K$4,'[1]2024'!$2:$2,0)),0)++IFERROR(INDEX('[1]2024'!$A:$Q,MATCH($C$3&$D47,'[1]2024'!$B:$B,0),MATCH(K$4,'[1]2024'!$2:$2,0)),0)++IFERROR(INDEX('[1]2024'!$A:$Q,MATCH($D$3&$D47,'[1]2024'!$B:$B,0),MATCH(K$4,'[1]2024'!$2:$2,0)),0) -> 0 | L47: =IFERROR(INDEX('[1]2024'!$A:$Q,MATCH($A$3&$D47,'[1]2024'!$B:$B,0),MATCH(L$4,'[1]2024'!$2:$2,0)),0)+IFERROR(INDEX('[1]2024'!$A:$Q,MATCH($B$3&$D47,'[1]2024'!$B:$B,0),MATCH(L$4,'[1]2024'!$2:$2,0)),0)++IFERROR(INDEX('[1]2024'!$A:$Q,MATCH($C$3&$D47,'[1]2024'!$B:$B,0),MATCH(L$4,'[1]2024'!$2:$2,0)),0)++IFERROR(INDEX('[1]2024'!$A:$Q,MATCH($D$3&$D47,'[1]2024'!$B:$B,0),MATCH(L$4,'[1]2024'!$2:$2,0)),0) -> 400329 | M47: =IFERROR(INDEX('[1]2024'!$A:$Q,MATCH($A$3&$D47,'[1]2024'!$B:$B,0),MATCH(M$4,'[1]2024'!$2:$2,0)),0)+IFERROR(INDEX('[1]2024'!$A:$Q,MATCH($B$3&$D47,'[1]2024'!$B:$B,0),MATCH(M$4,'[1]2024'!$2:$2,0)),0)++IFERROR(INDEX('[1]2024'!$A:$Q,MATCH($C$3&$D47,'[1]2024'!$B:$B,0),MATCH(M$4,'[1]2024'!$2:$2,0)),0)++IFERROR(INDEX('[1]2024'!$A:$Q,MATCH($D$3&$D47,'[1]2024'!$B:$B,0),MATCH(M$4,'[1]2024'!$2:$2,0)),0) -> 0 | N47: =IFERROR(INDEX('[1]2024'!$A:$Q,MATCH($A$3&$D47,'[1]2024'!$B:$B,0),MATCH(N$4,'[1]2024'!$2:$2,0)),0)+IFERROR(INDEX('[1]2024'!$A:$Q,MATCH($B$3&$D47,'[1]2024'!$B:$B,0),MATCH(N$4,'[1]2024'!$2:$2,0)),0)++IFERROR(INDEX('[1]2024'!$A:$Q,MATCH($C$3&$D47,'[1]2024'!$B:$B,0),MATCH(N$4,'[1]2024'!$2:$2,0)),0)++IFERROR(INDEX('[1]2024'!$A:$Q,MATCH($D$3&$D47,'[1]2024'!$B:$B,0),MATCH(N$4,'[1]2024'!$2:$2,0)),0) -> 0 | O47: =IFERROR(INDEX('[1]2024'!$A:$Q,MATCH($A$3&$D47,'[1]2024'!$B:$B,0),MATCH(O$4,'[1]2024'!$2:$2,0)),0)+IFERROR(INDEX('[1]2024'!$A:$Q,MATCH($B$3&$D47,'[1]2024'!$B:$B,0),MATCH(O$4,'[1]2024'!$2:$2,0)),0)++IFERROR(INDEX('[1]2024'!$A:$Q,MATCH($C$3&$D47,'[1]2024'!$B:$B,0),MATCH(O$4,'[1]2024'!$2:$2,0)),0)++IFERROR(INDEX('[1]2024'!$A:$Q,MATCH($D$3&$D47,'[1]2024'!$B:$B,0),MATCH(O$4,'[1]2024'!$2:$2,0)),0) -> 0 | ... S47: =IFERROR(INDEX('[1]2024'!$A:$Q,MATCH($A$3&$D47,'[1]2024'!$B:$B,0),MATCH(S$4,'[1]2024'!$2:$2,0)),0)+IFERROR(INDEX('[1]2024'!$A:$Q,MATCH($B$3&$D47,'[1]2024'!$B:$B,0),MATCH(S$4,'[1]2024'!$2:$2,0)),0)++IFERROR(INDEX('[1]2024'!$A:$Q,MATCH($C$3&$D47,'[1]2024'!$B:$B,0),MATCH(S$4,'[1]2024'!$2:$2,0)),0)++IFERROR(INDEX('[1]2024'!$A:$Q,MATCH($D$3&$D47,'[1]2024'!$B:$B,0),MATCH(S$4,'[1]2024'!$2:$2,0)),0) -> 0 | T47: 0 | U47: =SUM(V47:AG47) -> 3537044 | V47: 0 | W47: 2551300 | X47: 985744 | Y47: 0 | Z47: 0 | AA47: 0 | AB47: 0 | AC47: 0 | AD47: 0 | AE47: 0 | AF47: 0 | AG47: 0 | AH47: =송도공장장!AH47+제조팀!AH47+송도밸리데이션팀!AH47+송도생산지원팀!AH47+송도설비관리팀!AH47 -> 4 | AI47: =송도공장장!AI47+제조팀!AI47+송도밸리데이션팀!AI47+송도생산지원팀!AI47+송도설비관리팀!AI47 -> 0 | AJ47: =송도공장장!AJ47+제조팀!AJ47+송도밸리데이션팀!AJ47+송도생산지원팀!AJ47+송도설비관리팀!AJ47 -> 0 | AK47: =송도공장장!AK47+제조팀!AK47+송도밸리데이션팀!AK47+송도생산지원팀!AK47+송도설비관리팀!AK47 -> 1 | AL47: =송도공장장!AL47+제조팀!AL47+송도밸리데이션팀!AL47+송도생산지원팀!AL47+송도설비관리팀!AL47 -> 0 | AM47: =송도공장장!AM47+제조팀!AM47+송도밸리데이션팀!AM47+송도생산지원팀!AM47+송도설비관리팀!AM47 -> 0 | AN47: =송도공장장!AN47+제조팀!AN47+송도밸리데이션팀!AN47+송도생산지원팀!AN47+송도설비관리팀!AN47 -> 1 | AO47: =송도공장장!AO47+제조팀!AO47+송도밸리데이션팀!AO47+송도생산지원팀!AO47+송도설비관리팀!AO47 -> 0 | ... AT47: =송도공장장!AT47+제조팀!AT47+송도밸리데이션팀!AT47+송도생산지원팀!AT47+송도설비관리팀!AT47 -> 1 | AU47: =SUM(AI47:AK47) -> 1 | AV47: =SUM(AL47:AN47) -> 1 | AW47: =SUM(AO47:AQ47) -> 1 | AX47: =SUM(AR47:AT47) -> 1 | AY47: =IF($BC47="O",1.05*$AH47,$AH47) -> 4 | AZ47: =IF($BC47="O",1.05*$AY47,$AY47) -> 4 | BA47: =IF($BC47="O",1.05*$AZ47,$AZ47) -> 4 | BC47: X | BE47: 0 | BF47: 0 | BG47: 0 | BH47: =G47 -> 400329
A48: 여비교통비-시외출장비(제조) | B48: 시외출장비(제조) | C48: 고정비 | D48: 5104120 | E48: BT179 | F48: 4000000 | G48: =SUM(H48:S48) -> 1487590 | H48: =IFERROR(INDEX('[1]2024'!$A:$Q,MATCH($A$3&$D48,'[1]2024'!$B:$B,0),MATCH(H$4,'[1]2024'!$2:$2,0)),0)+IFERROR(INDEX('[1]2024'!$A:$Q,MATCH($B$3&$D48,'[1]2024'!$B:$B,0),MATCH(H$4,'[1]2024'!$2:$2,0)),0)++IFERROR(INDEX('[1]2024'!$A:$Q,MATCH($C$3&$D48,'[1]2024'!$B:$B,0),MATCH(H$4,'[1]2024'!$2:$2,0)),0)++IFERROR(INDEX('[1]2024'!$A:$Q,MATCH($D$3&$D48,'[1]2024'!$B:$B,0),MATCH(H$4,'[1]2024'!$2:$2,0)),0) -> 50700 | I48: =IFERROR(INDEX('[1]2024'!$A:$Q,MATCH($A$3&$D48,'[1]2024'!$B:$B,0),MATCH(I$4,'[1]2024'!$2:$2,0)),0)+IFERROR(INDEX('[1]2024'!$A:$Q,MATCH($B$3&$D48,'[1]2024'!$B:$B,0),MATCH(I$4,'[1]2024'!$2:$2,0)),0)++IFERROR(INDEX('[1]2024'!$A:$Q,MATCH($C$3&$D48,'[1]2024'!$B:$B,0),MATCH(I$4,'[1]2024'!$2:$2,0)),0)++IFERROR(INDEX('[1]2024'!$A:$Q,MATCH($D$3&$D48,'[1]2024'!$B:$B,0),MATCH(I$4,'[1]2024'!$2:$2,0)),0) -> 240110 | J48: =IFERROR(INDEX('[1]2024'!$A:$Q,MATCH($A$3&$D48,'[1]2024'!$B:$B,0),MATCH(J$4,'[1]2024'!$2:$2,0)),0)+IFERROR(INDEX('[1]2024'!$A:$Q,MATCH($B$3&$D48,'[1]2024'!$B:$B,0),MATCH(J$4,'[1]2024'!$2:$2,0)),0)++IFERROR(INDEX('[1]2024'!$A:$Q,MATCH($C$3&$D48,'[1]2024'!$B:$B,0),MATCH(J$4,'[1]2024'!$2:$2,0)),0)++IFERROR(INDEX('[1]2024'!$A:$Q,MATCH($D$3&$D48,'[1]2024'!$B:$B,0),MATCH(J$4,'[1]2024'!$2:$2,0)),0) -> 254820 | K48: =IFERROR(INDEX('[1]2024'!$A:$Q,MATCH($A$3&$D48,'[1]2024'!$B:$B,0),MATCH(K$4,'[1]2024'!$2:$2,0)),0)+IFERROR(INDEX('[1]2024'!$A:$Q,MATCH($B$3&$D48,'[1]2024'!$B:$B,0),MATCH(K$4,'[1]2024'!$2:$2,0)),0)++IFERROR(INDEX('[1]2024'!$A:$Q,MATCH($C$3&$D48,'[1]2024'!$B:$B,0),MATCH(K$4,'[1]2024'!$2:$2,0)),0)++IFERROR(INDEX('[1]2024'!$A:$Q,MATCH($D$3&$D48,'[1]2024'!$B:$B,0),MATCH(K$4,'[1]2024'!$2:$2,0)),0) -> 273230 | L48: =IFERROR(INDEX('[1]2024'!$A:$Q,MATCH($A$3&$D48,'[1]2024'!$B:$B,0),MATCH(L$4,'[1]2024'!$2:$2,0)),0)+IFERROR(INDEX('[1]2024'!$A:$Q,MATCH($B$3&$D48,'[1]2024'!$B:$B,0),MATCH(L$4,'[1]2024'!$2:$2,0)),0)++IFERROR(INDEX('[1]2024'!$A:$Q,MATCH($C$3&$D48,'[1]2024'!$B:$B,0),MATCH(L$4,'[1]2024'!$2:$2,0)),0)++IFERROR(INDEX('[1]2024'!$A:$Q,MATCH($D$3&$D48,'[1]2024'!$B:$B,0),MATCH(L$4,'[1]2024'!$2:$2,0)),0) -> 46600 | M48: =IFERROR(INDEX('[1]2024'!$A:$Q,MATCH($A$3&$D48,'[1]2024'!$B:$B,0),MATCH(M$4,'[1]2024'!$2:$2,0)),0)+IFERROR(INDEX('[1]2024'!$A:$Q,MATCH($B$3&$D48,'[1]2024'!$B:$B,0),MATCH(M$4,'[1]2024'!$2:$2,0)),0)++IFERROR(INDEX('[1]2024'!$A:$Q,MATCH($C$3&$D48,'[1]2024'!$B:$B,0),MATCH(M$4,'[1]2024'!$2:$2,0)),0)++IFERROR(INDEX('[1]2024'!$A:$Q,MATCH($D$3&$D48,'[1]2024'!$B:$B,0),MATCH(M$4,'[1]2024'!$2:$2,0)),0) -> 65745 | N48: =IFERROR(INDEX('[1]2024'!$A:$Q,MATCH($A$3&$D48,'[1]2024'!$B:$B,0),MATCH(N$4,'[1]2024'!$2:$2,0)),0)+IFERROR(INDEX('[1]2024'!$A:$Q,MATCH($B$3&$D48,'[1]2024'!$B:$B,0),MATCH(N$4,'[1]2024'!$2:$2,0)),0)++IFERROR(INDEX('[1]2024'!$A:$Q,MATCH($C$3&$D48,'[1]2024'!$B:$B,0),MATCH(N$4,'[1]2024'!$2:$2,0)),0)++IFERROR(INDEX('[1]2024'!$A:$Q,MATCH($D$3&$D48,'[1]2024'!$B:$B,0),MATCH(N$4,'[1]2024'!$2:$2,0)),0) -> 0 | O48: =IFERROR(INDEX('[1]2024'!$A:$Q,MATCH($A$3&$D48,'[1]2024'!$B:$B,0),MATCH(O$4,'[1]2024'!$2:$2,0)),0)+IFERROR(INDEX('[1]2024'!$A:$Q,MATCH($B$3&$D48,'[1]2024'!$B:$B,0),MATCH(O$4,'[1]2024'!$2:$2,0)),0)++IFERROR(INDEX('[1]2024'!$A:$Q,MATCH($C$3&$D48,'[1]2024'!$B:$B,0),MATCH(O$4,'[1]2024'!$2:$2,0)),0)++IFERROR(INDEX('[1]2024'!$A:$Q,MATCH($D$3&$D48,'[1]2024'!$B:$B,0),MATCH(O$4,'[1]2024'!$2:$2,0)),0) -> 158009 | ... S48: =IFERROR(INDEX('[1]2024'!$A:$Q,MATCH($A$3&$D48,'[1]2024'!$B:$B,0),MATCH(S$4,'[1]2024'!$2:$2,0)),0)+IFERROR(INDEX('[1]2024'!$A:$Q,MATCH($B$3&$D48,'[1]2024'!$B:$B,0),MATCH(S$4,'[1]2024'!$2:$2,0)),0)++IFERROR(INDEX('[1]2024'!$A:$Q,MATCH($C$3&$D48,'[1]2024'!$B:$B,0),MATCH(S$4,'[1]2024'!$2:$2,0)),0)++IFERROR(INDEX('[1]2024'!$A:$Q,MATCH($D$3&$D48,'[1]2024'!$B:$B,0),MATCH(S$4,'[1]2024'!$2:$2,0)),0) -> 85692 | T48: 4800000 | U48: =SUM(V48:AG48) -> 4094663 | V48: 325855 | W48: 285617 | X48: 347181 | Y48: 39592 | Z48: 296418 | AA48: 400000 | AB48: 400000 | AC48: 400000 | AD48: 400000 | AE48: 400000 | AF48: 400000 | AG48: 400000 | AH48: =송도공장장!AH48+제조팀!AH48+송도밸리데이션팀!AH48+송도생산지원팀!AH48+송도설비관리팀!AH48 -> 5200000 | AI48: =송도공장장!AI48+제조팀!AI48+송도밸리데이션팀!AI48+송도생산지원팀!AI48+송도설비관리팀!AI48 -> 400000 | AJ48: =송도공장장!AJ48+제조팀!AJ48+송도밸리데이션팀!AJ48+송도생산지원팀!AJ48+송도설비관리팀!AJ48 -> 400000 | AK48: =송도공장장!AK48+제조팀!AK48+송도밸리데이션팀!AK48+송도생산지원팀!AK48+송도설비관리팀!AK48 -> 500000 | AL48: =송도공장장!AL48+제조팀!AL48+송도밸리데이션팀!AL48+송도생산지원팀!AL48+송도설비관리팀!AL48 -> 400000 | AM48: =송도공장장!AM48+제조팀!AM48+송도밸리데이션팀!AM48+송도생산지원팀!AM48+송도설비관리팀!AM48 -> 400000 | AN48: =송도공장장!AN48+제조팀!AN48+송도밸리데이션팀!AN48+송도생산지원팀!AN48+송도설비관리팀!AN48 -> 500000 | AO48: =송도공장장!AO48+제조팀!AO48+송도밸리데이션팀!AO48+송도생산지원팀!AO48+송도설비관리팀!AO48 -> 400000 | ... AT48: =송도공장장!AT48+제조팀!AT48+송도밸리데이션팀!AT48+송도생산지원팀!AT48+송도설비관리팀!AT48 -> 500000 | AU48: =SUM(AI48:AK48) -> 1300000 | AV48: =SUM(AL48:AN48) -> 1300000 | AW48: =SUM(AO48:AQ48) -> 1300000 | AX48: =SUM(AR48:AT48) -> 1300000 | AY48: =IF($BC48="O",1.05*$AH48,$AH48) -> 5460000 | AZ48: =IF($BC48="O",1.05*$AY48,$AY48) -> 5733000 | BA48: =IF($BC48="O",1.05*$AZ48,$AZ48) -> 6019650 | BC48: O | BE48: 0 | BF48: 5069638 | BG48: 6525234 | BH48: =G48 -> 1487590
A49: 여비교통비-시내출장비(제조) | B49: 시내출장비(제조) | C49: 고정비 | D49: 5104130 | E49: BT170 | F49: 400000 | G49: =SUM(H49:S49) -> 199048 | H49: =IFERROR(INDEX('[1]2024'!$A:$Q,MATCH($A$3&$D49,'[1]2024'!$B:$B,0),MATCH(H$4,'[1]2024'!$2:$2,0)),0)+IFERROR(INDEX('[1]2024'!$A:$Q,MATCH($B$3&$D49,'[1]2024'!$B:$B,0),MATCH(H$4,'[1]2024'!$2:$2,0)),0)++IFERROR(INDEX('[1]2024'!$A:$Q,MATCH($C$3&$D49,'[1]2024'!$B:$B,0),MATCH(H$4,'[1]2024'!$2:$2,0)),0)++IFERROR(INDEX('[1]2024'!$A:$Q,MATCH($D$3&$D49,'[1]2024'!$B:$B,0),MATCH(H$4,'[1]2024'!$2:$2,0)),0) -> 0 | I49: =IFERROR(INDEX('[1]2024'!$A:$Q,MATCH($A$3&$D49,'[1]2024'!$B:$B,0),MATCH(I$4,'[1]2024'!$2:$2,0)),0)+IFERROR(INDEX('[1]2024'!$A:$Q,MATCH($B$3&$D49,'[1]2024'!$B:$B,0),MATCH(I$4,'[1]2024'!$2:$2,0)),0)++IFERROR(INDEX('[1]2024'!$A:$Q,MATCH($C$3&$D49,'[1]2024'!$B:$B,0),MATCH(I$4,'[1]2024'!$2:$2,0)),0)++IFERROR(INDEX('[1]2024'!$A:$Q,MATCH($D$3&$D49,'[1]2024'!$B:$B,0),MATCH(I$4,'[1]2024'!$2:$2,0)),0) -> 23333 | J49: =IFERROR(INDEX('[1]2024'!$A:$Q,MATCH($A$3&$D49,'[1]2024'!$B:$B,0),MATCH(J$4,'[1]2024'!$2:$2,0)),0)+IFERROR(INDEX('[1]2024'!$A:$Q,MATCH($B$3&$D49,'[1]2024'!$B:$B,0),MATCH(J$4,'[1]2024'!$2:$2,0)),0)++IFERROR(INDEX('[1]2024'!$A:$Q,MATCH($C$3&$D49,'[1]2024'!$B:$B,0),MATCH(J$4,'[1]2024'!$2:$2,0)),0)++IFERROR(INDEX('[1]2024'!$A:$Q,MATCH($D$3&$D49,'[1]2024'!$B:$B,0),MATCH(J$4,'[1]2024'!$2:$2,0)),0) -> 0 | K49: =IFERROR(INDEX('[1]2024'!$A:$Q,MATCH($A$3&$D49,'[1]2024'!$B:$B,0),MATCH(K$4,'[1]2024'!$2:$2,0)),0)+IFERROR(INDEX('[1]2024'!$A:$Q,MATCH($B$3&$D49,'[1]2024'!$B:$B,0),MATCH(K$4,'[1]2024'!$2:$2,0)),0)++IFERROR(INDEX('[1]2024'!$A:$Q,MATCH($C$3&$D49,'[1]2024'!$B:$B,0),MATCH(K$4,'[1]2024'!$2:$2,0)),0)++IFERROR(INDEX('[1]2024'!$A:$Q,MATCH($D$3&$D49,'[1]2024'!$B:$B,0),MATCH(K$4,'[1]2024'!$2:$2,0)),0) -> 158970 | L49: =IFERROR(INDEX('[1]2024'!$A:$Q,MATCH($A$3&$D49,'[1]2024'!$B:$B,0),MATCH(L$4,'[1]2024'!$2:$2,0)),0)+IFERROR(INDEX('[1]2024'!$A:$Q,MATCH($B$3&$D49,'[1]2024'!$B:$B,0),MATCH(L$4,'[1]2024'!$2:$2,0)),0)++IFERROR(INDEX('[1]2024'!$A:$Q,MATCH($C$3&$D49,'[1]2024'!$B:$B,0),MATCH(L$4,'[1]2024'!$2:$2,0)),0)++IFERROR(INDEX('[1]2024'!$A:$Q,MATCH($D$3&$D49,'[1]2024'!$B:$B,0),MATCH(L$4,'[1]2024'!$2:$2,0)),0) -> 0 | M49: =IFERROR(INDEX('[1]2024'!$A:$Q,MATCH($A$3&$D49,'[1]2024'!$B:$B,0),MATCH(M$4,'[1]2024'!$2:$2,0)),0)+IFERROR(INDEX('[1]2024'!$A:$Q,MATCH($B$3&$D49,'[1]2024'!$B:$B,0),MATCH(M$4,'[1]2024'!$2:$2,0)),0)++IFERROR(INDEX('[1]2024'!$A:$Q,MATCH($C$3&$D49,'[1]2024'!$B:$B,0),MATCH(M$4,'[1]2024'!$2:$2,0)),0)++IFERROR(INDEX('[1]2024'!$A:$Q,MATCH($D$3&$D49,'[1]2024'!$B:$B,0),MATCH(M$4,'[1]2024'!$2:$2,0)),0) -> 0 | N49: =IFERROR(INDEX('[1]2024'!$A:$Q,MATCH($A$3&$D49,'[1]2024'!$B:$B,0),MATCH(N$4,'[1]2024'!$2:$2,0)),0)+IFERROR(INDEX('[1]2024'!$A:$Q,MATCH($B$3&$D49,'[1]2024'!$B:$B,0),MATCH(N$4,'[1]2024'!$2:$2,0)),0)++IFERROR(INDEX('[1]2024'!$A:$Q,MATCH($C$3&$D49,'[1]2024'!$B:$B,0),MATCH(N$4,'[1]2024'!$2:$2,0)),0)++IFERROR(INDEX('[1]2024'!$A:$Q,MATCH($D$3&$D49,'[1]2024'!$B:$B,0),MATCH(N$4,'[1]2024'!$2:$2,0)),0) -> 0 | O49: =IFERROR(INDEX('[1]2024'!$A:$Q,MATCH($A$3&$D49,'[1]2024'!$B:$B,0),MATCH(O$4,'[1]2024'!$2:$2,0)),0)+IFERROR(INDEX('[1]2024'!$A:$Q,MATCH($B$3&$D49,'[1]2024'!$B:$B,0),MATCH(O$4,'[1]2024'!$2:$2,0)),0)++IFERROR(INDEX('[1]2024'!$A:$Q,MATCH($C$3&$D49,'[1]2024'!$B:$B,0),MATCH(O$4,'[1]2024'!$2:$2,0)),0)++IFERROR(INDEX('[1]2024'!$A:$Q,MATCH($D$3&$D49,'[1]2024'!$B:$B,0),MATCH(O$4,'[1]2024'!$2:$2,0)),0) -> 9276 | ... S49: =IFERROR(INDEX('[1]2024'!$A:$Q,MATCH($A$3&$D49,'[1]2024'!$B:$B,0),MATCH(S$4,'[1]2024'!$2:$2,0)),0)+IFERROR(INDEX('[1]2024'!$A:$Q,MATCH($B$3&$D49,'[1]2024'!$B:$B,0),MATCH(S$4,'[1]2024'!$2:$2,0)),0)++IFERROR(INDEX('[1]2024'!$A:$Q,MATCH($C$3&$D49,'[1]2024'!$B:$B,0),MATCH(S$4,'[1]2024'!$2:$2,0)),0)++IFERROR(INDEX('[1]2024'!$A:$Q,MATCH($D$3&$D49,'[1]2024'!$B:$B,0),MATCH(S$4,'[1]2024'!$2:$2,0)),0) -> 0 | T49: 600000 | U49: =SUM(V49:AG49) -> 358200 | V49: 0 | W49: 0 | X49: 0 | Y49: 0 | Z49: 8200 | AA49: 50000 | AB49: 50000 | AC49: 50000 | AD49: 50000 | AE49: 50000 | AF49: 50000 | AG49: 50000 | AH49: =송도공장장!AH49+제조팀!AH49+송도밸리데이션팀!AH49+송도생산지원팀!AH49+송도설비관리팀!AH49 -> 3640000 | AI49: =송도공장장!AI49+제조팀!AI49+송도밸리데이션팀!AI49+송도생산지원팀!AI49+송도설비관리팀!AI49 -> 270000 | AJ49: =송도공장장!AJ49+제조팀!AJ49+송도밸리데이션팀!AJ49+송도생산지원팀!AJ49+송도설비관리팀!AJ49 -> 270000 | AK49: =송도공장장!AK49+제조팀!AK49+송도밸리데이션팀!AK49+송도생산지원팀!AK49+송도설비관리팀!AK49 -> 370000 | AL49: =송도공장장!AL49+제조팀!AL49+송도밸리데이션팀!AL49+송도생산지원팀!AL49+송도설비관리팀!AL49 -> 270000 | AM49: =송도공장장!AM49+제조팀!AM49+송도밸리데이션팀!AM49+송도생산지원팀!AM49+송도설비관리팀!AM49 -> 270000 | AN49: =송도공장장!AN49+제조팀!AN49+송도밸리데이션팀!AN49+송도생산지원팀!AN49+송도설비관리팀!AN49 -> 370000 | AO49: =송도공장장!AO49+제조팀!AO49+송도밸리데이션팀!AO49+송도생산지원팀!AO49+송도설비관리팀!AO49 -> 270000 | ... AT49: =송도공장장!AT49+제조팀!AT49+송도밸리데이션팀!AT49+송도생산지원팀!AT49+송도설비관리팀!AT49 -> 370000 | AU49: =SUM(AI49:AK49) -> 910000 | AV49: =SUM(AL49:AN49) -> 910000 | AW49: =SUM(AO49:AQ49) -> 910000 | AX49: =SUM(AR49:AT49) -> 910000 | AY49: =IF($BC49="O",1.05*$AH49,$AH49) -> 3640000 | AZ49: =IF($BC49="O",1.05*$AY49,$AY49) -> 3640000 | BA49: =IF($BC49="O",1.05*$AZ49,$AZ49) -> 3640000 | BC49: X | BE49: 0 | BF49: 4740000 | BG49: 679303 | BH49: =G49 -> 199048
A50: 여비교통비-자가운전보조비(제조) | B50: 자가운전보조비(제조) | C50: 고정비 | D50: 5104140 | E50: BT251 | F50: 0 | G50: =SUM(H50:S50) -> 0 | H50: =IFERROR(INDEX('[1]2024'!$A:$Q,MATCH($A$3&$D50,'[1]2024'!$B:$B,0),MATCH(H$4,'[1]2024'!$2:$2,0)),0)+IFERROR(INDEX('[1]2024'!$A:$Q,MATCH($B$3&$D50,'[1]2024'!$B:$B,0),MATCH(H$4,'[1]2024'!$2:$2,0)),0)++IFERROR(INDEX('[1]2024'!$A:$Q,MATCH($C$3&$D50,'[1]2024'!$B:$B,0),MATCH(H$4,'[1]2024'!$2:$2,0)),0)++IFERROR(INDEX('[1]2024'!$A:$Q,MATCH($D$3&$D50,'[1]2024'!$B:$B,0),MATCH(H$4,'[1]2024'!$2:$2,0)),0) -> 0 | I50: =IFERROR(INDEX('[1]2024'!$A:$Q,MATCH($A$3&$D50,'[1]2024'!$B:$B,0),MATCH(I$4,'[1]2024'!$2:$2,0)),0)+IFERROR(INDEX('[1]2024'!$A:$Q,MATCH($B$3&$D50,'[1]2024'!$B:$B,0),MATCH(I$4,'[1]2024'!$2:$2,0)),0)++IFERROR(INDEX('[1]2024'!$A:$Q,MATCH($C$3&$D50,'[1]2024'!$B:$B,0),MATCH(I$4,'[1]2024'!$2:$2,0)),0)++IFERROR(INDEX('[1]2024'!$A:$Q,MATCH($D$3&$D50,'[1]2024'!$B:$B,0),MATCH(I$4,'[1]2024'!$2:$2,0)),0) -> 0 | J50: =IFERROR(INDEX('[1]2024'!$A:$Q,MATCH($A$3&$D50,'[1]2024'!$B:$B,0),MATCH(J$4,'[1]2024'!$2:$2,0)),0)+IFERROR(INDEX('[1]2024'!$A:$Q,MATCH($B$3&$D50,'[1]2024'!$B:$B,0),MATCH(J$4,'[1]2024'!$2:$2,0)),0)++IFERROR(INDEX('[1]2024'!$A:$Q,MATCH($C$3&$D50,'[1]2024'!$B:$B,0),MATCH(J$4,'[1]2024'!$2:$2,0)),0)++IFERROR(INDEX('[1]2024'!$A:$Q,MATCH($D$3&$D50,'[1]2024'!$B:$B,0),MATCH(J$4,'[1]2024'!$2:$2,0)),0) -> 0 | K50: =IFERROR(INDEX('[1]2024'!$A:$Q,MATCH($A$3&$D50,'[1]2024'!$B:$B,0),MATCH(K$4,'[1]2024'!$2:$2,0)),0)+IFERROR(INDEX('[1]2024'!$A:$Q,MATCH($B$3&$D50,'[1]2024'!$B:$B,0),MATCH(K$4,'[1]2024'!$2:$2,0)),0)++IFERROR(INDEX('[1]2024'!$A:$Q,MATCH($C$3&$D50,'[1]2024'!$B:$B,0),MATCH(K$4,'[1]2024'!$2:$2,0)),0)++IFERROR(INDEX('[1]2024'!$A:$Q,MATCH($D$3&$D50,'[1]2024'!$B:$B,0),MATCH(K$4,'[1]2024'!$2:$2,0)),0) -> 0 | L50: =IFERROR(INDEX('[1]2024'!$A:$Q,MATCH($A$3&$D50,'[1]2024'!$B:$B,0),MATCH(L$4,'[1]2024'!$2:$2,0)),0)+IFERROR(INDEX('[1]2024'!$A:$Q,MATCH($B$3&$D50,'[1]2024'!$B:$B,0),MATCH(L$4,'[1]2024'!$2:$2,0)),0)++IFERROR(INDEX('[1]2024'!$A:$Q,MATCH($C$3&$D50,'[1]2024'!$B:$B,0),MATCH(L$4,'[1]2024'!$2:$2,0)),0)++IFERROR(INDEX('[1]2024'!$A:$Q,MATCH($D$3&$D50,'[1]2024'!$B:$B,0),MATCH(L$4,'[1]2024'!$2:$2,0)),0) -> 0 | M50: =IFERROR(INDEX('[1]2024'!$A:$Q,MATCH($A$3&$D50,'[1]2024'!$B:$B,0),MATCH(M$4,'[1]2024'!$2:$2,0)),0)+IFERROR(INDEX('[1]2024'!$A:$Q,MATCH($B$3&$D50,'[1]2024'!$B:$B,0),MATCH(M$4,'[1]2024'!$2:$2,0)),0)++IFERROR(INDEX('[1]2024'!$A:$Q,MATCH($C$3&$D50,'[1]2024'!$B:$B,0),MATCH(M$4,'[1]2024'!$2:$2,0)),0)++IFERROR(INDEX('[1]2024'!$A:$Q,MATCH($D$3&$D50,'[1]2024'!$B:$B,0),MATCH(M$4,'[1]2024'!$2:$2,0)),0) -> 0 | N50: =IFERROR(INDEX('[1]2024'!$A:$Q,MATCH($A$3&$D50,'[1]2024'!$B:$B,0),MATCH(N$4,'[1]2024'!$2:$2,0)),0)+IFERROR(INDEX('[1]2024'!$A:$Q,MATCH($B$3&$D50,'[1]2024'!$B:$B,0),MATCH(N$4,'[1]2024'!$2:$2,0)),0)++IFERROR(INDEX('[1]2024'!$A:$Q,MATCH($C$3&$D50,'[1]2024'!$B:$B,0),MATCH(N$4,'[1]2024'!$2:$2,0)),0)++IFERROR(INDEX('[1]2024'!$A:$Q,MATCH($D$3&$D50,'[1]2024'!$B:$B,0),MATCH(N$4,'[1]2024'!$2:$2,0)),0) -> 0 | O50: =IFERROR(INDEX('[1]2024'!$A:$Q,MATCH($A$3&$D50,'[1]2024'!$B:$B,0),MATCH(O$4,'[1]2024'!$2:$2,0)),0)+IFERROR(INDEX('[1]2024'!$A:$Q,MATCH($B$3&$D50,'[1]2024'!$B:$B,0),MATCH(O$4,'[1]2024'!$2:$2,0)),0)++IFERROR(INDEX('[1]2024'!$A:$Q,MATCH($C$3&$D50,'[1]2024'!$B:$B,0),MATCH(O$4,'[1]2024'!$2:$2,0)),0)++IFERROR(INDEX('[1]2024'!$A:$Q,MATCH($D$3&$D50,'[1]2024'!$B:$B,0),MATCH(O$4,'[1]2024'!$2:$2,0)),0) -> 0 | ... S50: =IFERROR(INDEX('[1]2024'!$A:$Q,MATCH($A$3&$D50,'[1]2024'!$B:$B,0),MATCH(S$4,'[1]2024'!$2:$2,0)),0)+IFERROR(INDEX('[1]2024'!$A:$Q,MATCH($B$3&$D50,'[1]2024'!$B:$B,0),MATCH(S$4,'[1]2024'!$2:$2,0)),0)++IFERROR(INDEX('[1]2024'!$A:$Q,MATCH($C$3&$D50,'[1]2024'!$B:$B,0),MATCH(S$4,'[1]2024'!$2:$2,0)),0)++IFERROR(INDEX('[1]2024'!$A:$Q,MATCH($D$3&$D50,'[1]2024'!$B:$B,0),MATCH(S$4,'[1]2024'!$2:$2,0)),0) -> 0 | T50: 0 | U50: =SUM(V50:AG50) -> 0 | V50: 0 | W50: 0 | X50: 0 | Y50: 0 | Z50: 0 | AA50: 0 | AB50: 0 | AC50: 0 | AD50: 0 | AE50: 0 | AF50: 0 | AG50: 0 | AH50: =송도공장장!AH50+제조팀!AH50+송도밸리데이션팀!AH50+송도생산지원팀!AH50+송도설비관리팀!AH50 -> 0 | AI50: =송도공장장!AI50+제조팀!AI50+송도밸리데이션팀!AI50+송도생산지원팀!AI50+송도설비관리팀!AI50 -> 0 | AJ50: =송도공장장!AJ50+제조팀!AJ50+송도밸리데이션팀!AJ50+송도생산지원팀!AJ50+송도설비관리팀!AJ50 -> 0 | AK50: =송도공장장!AK50+제조팀!AK50+송도밸리데이션팀!AK50+송도생산지원팀!AK50+송도설비관리팀!AK50 -> 0 | AL50: =송도공장장!AL50+제조팀!AL50+송도밸리데이션팀!AL50+송도생산지원팀!AL50+송도설비관리팀!AL50 -> 0 | AM50: =송도공장장!AM50+제조팀!AM50+송도밸리데이션팀!AM50+송도생산지원팀!AM50+송도설비관리팀!AM50 -> 0 | AN50: =송도공장장!AN50+제조팀!AN50+송도밸리데이션팀!AN50+송도생산지원팀!AN50+송도설비관리팀!AN50 -> 0 | AO50: =송도공장장!AO50+제조팀!AO50+송도밸리데이션팀!AO50+송도생산지원팀!AO50+송도설비관리팀!AO50 -> 0 | ... AT50: =송도공장장!AT50+제조팀!AT50+송도밸리데이션팀!AT50+송도생산지원팀!AT50+송도설비관리팀!AT50 -> 0 | AU50: =SUM(AI50:AK50) -> 0 | AV50: =SUM(AL50:AN50) -> 0 | AW50: =SUM(AO50:AQ50) -> 0 | AX50: =SUM(AR50:AT50) -> 0 | AY50: =IF($BC50="O",1.05*$AH50,$AH50) -> 0 | AZ50: =IF($BC50="O",1.05*$AY50,$AY50) -> 0 | BA50: =IF($BC50="O",1.05*$AZ50,$AZ50) -> 0 | BC50: X | BE50: 0 | BF50: 0 | BG50: 0 | BH50: =G50 -> 0
A51: 여비교통비-해외여비(제조) | B51: 여비교통비-해외여비(제조) | C51: 고정비 | D51: 5104150 | E51: BT400 | F51: 0 | G51: =SUM(H51:S51) -> 425305 | H51: =IFERROR(INDEX('[1]2024'!$A:$Q,MATCH($A$3&$D51,'[1]2024'!$B:$B,0),MATCH(H$4,'[1]2024'!$2:$2,0)),0)+IFERROR(INDEX('[1]2024'!$A:$Q,MATCH($B$3&$D51,'[1]2024'!$B:$B,0),MATCH(H$4,'[1]2024'!$2:$2,0)),0)++IFERROR(INDEX('[1]2024'!$A:$Q,MATCH($C$3&$D51,'[1]2024'!$B:$B,0),MATCH(H$4,'[1]2024'!$2:$2,0)),0)++IFERROR(INDEX('[1]2024'!$A:$Q,MATCH($D$3&$D51,'[1]2024'!$B:$B,0),MATCH(H$4,'[1]2024'!$2:$2,0)),0) -> 0 | I51: =IFERROR(INDEX('[1]2024'!$A:$Q,MATCH($A$3&$D51,'[1]2024'!$B:$B,0),MATCH(I$4,'[1]2024'!$2:$2,0)),0)+IFERROR(INDEX('[1]2024'!$A:$Q,MATCH($B$3&$D51,'[1]2024'!$B:$B,0),MATCH(I$4,'[1]2024'!$2:$2,0)),0)++IFERROR(INDEX('[1]2024'!$A:$Q,MATCH($C$3&$D51,'[1]2024'!$B:$B,0),MATCH(I$4,'[1]2024'!$2:$2,0)),0)++IFERROR(INDEX('[1]2024'!$A:$Q,MATCH($D$3&$D51,'[1]2024'!$B:$B,0),MATCH(I$4,'[1]2024'!$2:$2,0)),0) -> 0 | J51: =IFERROR(INDEX('[1]2024'!$A:$Q,MATCH($A$3&$D51,'[1]2024'!$B:$B,0),MATCH(J$4,'[1]2024'!$2:$2,0)),0)+IFERROR(INDEX('[1]2024'!$A:$Q,MATCH($B$3&$D51,'[1]2024'!$B:$B,0),MATCH(J$4,'[1]2024'!$2:$2,0)),0)++IFERROR(INDEX('[1]2024'!$A:$Q,MATCH($C$3&$D51,'[1]2024'!$B:$B,0),MATCH(J$4,'[1]2024'!$2:$2,0)),0)++IFERROR(INDEX('[1]2024'!$A:$Q,MATCH($D$3&$D51,'[1]2024'!$B:$B,0),MATCH(J$4,'[1]2024'!$2:$2,0)),0) -> 0 | K51: =IFERROR(INDEX('[1]2024'!$A:$Q,MATCH($A$3&$D51,'[1]2024'!$B:$B,0),MATCH(K$4,'[1]2024'!$2:$2,0)),0)+IFERROR(INDEX('[1]2024'!$A:$Q,MATCH($B$3&$D51,'[1]2024'!$B:$B,0),MATCH(K$4,'[1]2024'!$2:$2,0)),0)++IFERROR(INDEX('[1]2024'!$A:$Q,MATCH($C$3&$D51,'[1]2024'!$B:$B,0),MATCH(K$4,'[1]2024'!$2:$2,0)),0)++IFERROR(INDEX('[1]2024'!$A:$Q,MATCH($D$3&$D51,'[1]2024'!$B:$B,0),MATCH(K$4,'[1]2024'!$2:$2,0)),0) -> 0 | L51: =IFERROR(INDEX('[1]2024'!$A:$Q,MATCH($A$3&$D51,'[1]2024'!$B:$B,0),MATCH(L$4,'[1]2024'!$2:$2,0)),0)+IFERROR(INDEX('[1]2024'!$A:$Q,MATCH($B$3&$D51,'[1]2024'!$B:$B,0),MATCH(L$4,'[1]2024'!$2:$2,0)),0)++IFERROR(INDEX('[1]2024'!$A:$Q,MATCH($C$3&$D51,'[1]2024'!$B:$B,0),MATCH(L$4,'[1]2024'!$2:$2,0)),0)++IFERROR(INDEX('[1]2024'!$A:$Q,MATCH($D$3&$D51,'[1]2024'!$B:$B,0),MATCH(L$4,'[1]2024'!$2:$2,0)),0) -> 425305 | M51: =IFERROR(INDEX('[1]2024'!$A:$Q,MATCH($A$3&$D51,'[1]2024'!$B:$B,0),MATCH(M$4,'[1]2024'!$2:$2,0)),0)+IFERROR(INDEX('[1]2024'!$A:$Q,MATCH($B$3&$D51,'[1]2024'!$B:$B,0),MATCH(M$4,'[1]2024'!$2:$2,0)),0)++IFERROR(INDEX('[1]2024'!$A:$Q,MATCH($C$3&$D51,'[1]2024'!$B:$B,0),MATCH(M$4,'[1]2024'!$2:$2,0)),0)++IFERROR(INDEX('[1]2024'!$A:$Q,MATCH($D$3&$D51,'[1]2024'!$B:$B,0),MATCH(M$4,'[1]2024'!$2:$2,0)),0) -> 0 | N51: =IFERROR(INDEX('[1]2024'!$A:$Q,MATCH($A$3&$D51,'[1]2024'!$B:$B,0),MATCH(N$4,'[1]2024'!$2:$2,0)),0)+IFERROR(INDEX('[1]2024'!$A:$Q,MATCH($B$3&$D51,'[1]2024'!$B:$B,0),MATCH(N$4,'[1]2024'!$2:$2,0)),0)++IFERROR(INDEX('[1]2024'!$A:$Q,MATCH($C$3&$D51,'[1]2024'!$B:$B,0),MATCH(N$4,'[1]2024'!$2:$2,0)),0)++IFERROR(INDEX('[1]2024'!$A:$Q,MATCH($D$3&$D51,'[1]2024'!$B:$B,0),MATCH(N$4,'[1]2024'!$2:$2,0)),0) -> 0 | O51: =IFERROR(INDEX('[1]2024'!$A:$Q,MATCH($A$3&$D51,'[1]2024'!$B:$B,0),MATCH(O$4,'[1]2024'!$2:$2,0)),0)+IFERROR(INDEX('[1]2024'!$A:$Q,MATCH($B$3&$D51,'[1]2024'!$B:$B,0),MATCH(O$4,'[1]2024'!$2:$2,0)),0)++IFERROR(INDEX('[1]2024'!$A:$Q,MATCH($C$3&$D51,'[1]2024'!$B:$B,0),MATCH(O$4,'[1]2024'!$2:$2,0)),0)++IFERROR(INDEX('[1]2024'!$A:$Q,MATCH($D$3&$D51,'[1]2024'!$B:$B,0),MATCH(O$4,'[1]2024'!$2:$2,0)),0) -> 0 | ... S51: =IFERROR(INDEX('[1]2024'!$A:$Q,MATCH($A$3&$D51,'[1]2024'!$B:$B,0),MATCH(S$4,'[1]2024'!$2:$2,0)),0)+IFERROR(INDEX('[1]2024'!$A:$Q,MATCH($B$3&$D51,'[1]2024'!$B:$B,0),MATCH(S$4,'[1]2024'!$2:$2,0)),0)++IFERROR(INDEX('[1]2024'!$A:$Q,MATCH($C$3&$D51,'[1]2024'!$B:$B,0),MATCH(S$4,'[1]2024'!$2:$2,0)),0)++IFERROR(INDEX('[1]2024'!$A:$Q,MATCH($D$3&$D51,'[1]2024'!$B:$B,0),MATCH(S$4,'[1]2024'!$2:$2,0)),0) -> 0 | T51: 0 | U51: =SUM(V51:AG51) -> 180000 | V51: 0 | W51: 0 | X51: 180000 | Y51: 0 | Z51: 0 | AA51: 0 | AB51: 0 | AC51: 0 | AD51: 0 | AE51: 0 | AF51: 0 | AG51: 0 | AH51: =송도공장장!AH51+제조팀!AH51+송도밸리데이션팀!AH51+송도생산지원팀!AH51+송도설비관리팀!AH51 -> 4 | AI51: =송도공장장!AI51+제조팀!AI51+송도밸리데이션팀!AI51+송도생산지원팀!AI51+송도설비관리팀!AI51 -> 0 | AJ51: =송도공장장!AJ51+제조팀!AJ51+송도밸리데이션팀!AJ51+송도생산지원팀!AJ51+송도설비관리팀!AJ51 -> 0 | AK51: =송도공장장!AK51+제조팀!AK51+송도밸리데이션팀!AK51+송도생산지원팀!AK51+송도설비관리팀!AK51 -> 1 | AL51: =송도공장장!AL51+제조팀!AL51+송도밸리데이션팀!AL51+송도생산지원팀!AL51+송도설비관리팀!AL51 -> 0 | AM51: =송도공장장!AM51+제조팀!AM51+송도밸리데이션팀!AM51+송도생산지원팀!AM51+송도설비관리팀!AM51 -> 0 | AN51: =송도공장장!AN51+제조팀!AN51+송도밸리데이션팀!AN51+송도생산지원팀!AN51+송도설비관리팀!AN51 -> 1 | AO51: =송도공장장!AO51+제조팀!AO51+송도밸리데이션팀!AO51+송도생산지원팀!AO51+송도설비관리팀!AO51 -> 0 | ... AT51: =송도공장장!AT51+제조팀!AT51+송도밸리데이션팀!AT51+송도생산지원팀!AT51+송도설비관리팀!AT51 -> 1 | AU51: =SUM(AI51:AK51) -> 1 | AV51: =SUM(AL51:AN51) -> 1 | AW51: =SUM(AO51:AQ51) -> 1 | AX51: =SUM(AR51:AT51) -> 1 | AY51: =IF($BC51="O",1.05*$AH51,$AH51) -> 4 | AZ51: =IF($BC51="O",1.05*$AY51,$AY51) -> 4 | BA51: =IF($BC51="O",1.05*$AZ51,$AZ51) -> 4 | BC51: X | BE51: 0 | BF51: 0 | BG51: 0 | BH51: =G51 -> 425305
A52: 3.통신비 | B52: - | F52: 0 | G52: =SUM(G53:G59) -> 0 | H52: =SUM(H53:H59) -> 0 | I52: =SUM(I53:I59) -> 0 | J52: =SUM(J53:J59) -> 0 | K52: =SUM(K53:K59) -> 0 | L52: =SUM(L53:L59) -> 0 | M52: =SUM(M53:M59) -> 0 | N52: =SUM(N53:N59) -> 0 | ... S52: =SUM(S53:S59) -> 0 | T52: 0 | U52: =SUM(U53:U59) -> 0 | V52: =SUM(V53:V59) -> 0 | W52: =SUM(W53:W59) -> 0 | X52: =SUM(X53:X59) -> 0 | Y52: =SUM(Y53:Y59) -> 0 | Z52: =SUM(Z53:Z59) -> 0 | AA52: 0 | AB52: 0 | AC52: 0 | AD52: 0 | AE52: 0 | AF52: 0 | AG52: 0 | AH52: =SUM(AH53:AH59) -> 6240000 | AI52: =SUM(AI53:AI59) -> 520000 | AJ52: =SUM(AJ53:AJ59) -> 520000 | AK52: =SUM(AK53:AK59) -> 520000 | AL52: =SUM(AL53:AL59) -> 520000 | AM52: =SUM(AM53:AM59) -> 520000 | AN52: =SUM(AN53:AN59) -> 520000 | AO52: =SUM(AO53:AO59) -> 520000 | ... AT52: =SUM(AT53:AT59) -> 520000 | AU52: =SUM(AI52:AK52) -> 1560000 | AV52: =SUM(AL52:AN52) -> 1560000 | AW52: =SUM(AO52:AQ52) -> 1560000 | AX52: =SUM(AR52:AT52) -> 1560000 | AY52: =SUM(AY53:AY59) -> 6552000 | AZ52: =SUM(AZ53:AZ59) -> 6879600 | BA52: =SUM(BA53:BA59) -> 7223580 | BE52: =SUM(BE53:BE59) -> 0 | BF52: 0 | BG52: 0 | BH52: =G52 -> 0
A53: 통신비-시설유지비(제조) | B53: 통신비(제조) | C53: 고정비 | D53: 5105160 | E53: BT331 | F53: 0 | G53: =SUM(H53:S53) -> 0 | H53: =IFERROR(INDEX('[1]2024'!$A:$Q,MATCH($A$3&$D53,'[1]2024'!$B:$B,0),MATCH(H$4,'[1]2024'!$2:$2,0)),0)+IFERROR(INDEX('[1]2024'!$A:$Q,MATCH($B$3&$D53,'[1]2024'!$B:$B,0),MATCH(H$4,'[1]2024'!$2:$2,0)),0)++IFERROR(INDEX('[1]2024'!$A:$Q,MATCH($C$3&$D53,'[1]2024'!$B:$B,0),MATCH(H$4,'[1]2024'!$2:$2,0)),0)++IFERROR(INDEX('[1]2024'!$A:$Q,MATCH($D$3&$D53,'[1]2024'!$B:$B,0),MATCH(H$4,'[1]2024'!$2:$2,0)),0) -> 0 | I53: =IFERROR(INDEX('[1]2024'!$A:$Q,MATCH($A$3&$D53,'[1]2024'!$B:$B,0),MATCH(I$4,'[1]2024'!$2:$2,0)),0)+IFERROR(INDEX('[1]2024'!$A:$Q,MATCH($B$3&$D53,'[1]2024'!$B:$B,0),MATCH(I$4,'[1]2024'!$2:$2,0)),0)++IFERROR(INDEX('[1]2024'!$A:$Q,MATCH($C$3&$D53,'[1]2024'!$B:$B,0),MATCH(I$4,'[1]2024'!$2:$2,0)),0)++IFERROR(INDEX('[1]2024'!$A:$Q,MATCH($D$3&$D53,'[1]2024'!$B:$B,0),MATCH(I$4,'[1]2024'!$2:$2,0)),0) -> 0 | J53: =IFERROR(INDEX('[1]2024'!$A:$Q,MATCH($A$3&$D53,'[1]2024'!$B:$B,0),MATCH(J$4,'[1]2024'!$2:$2,0)),0)+IFERROR(INDEX('[1]2024'!$A:$Q,MATCH($B$3&$D53,'[1]2024'!$B:$B,0),MATCH(J$4,'[1]2024'!$2:$2,0)),0)++IFERROR(INDEX('[1]2024'!$A:$Q,MATCH($C$3&$D53,'[1]2024'!$B:$B,0),MATCH(J$4,'[1]2024'!$2:$2,0)),0)++IFERROR(INDEX('[1]2024'!$A:$Q,MATCH($D$3&$D53,'[1]2024'!$B:$B,0),MATCH(J$4,'[1]2024'!$2:$2,0)),0) -> 0 | K53: =IFERROR(INDEX('[1]2024'!$A:$Q,MATCH($A$3&$D53,'[1]2024'!$B:$B,0),MATCH(K$4,'[1]2024'!$2:$2,0)),0)+IFERROR(INDEX('[1]2024'!$A:$Q,MATCH($B$3&$D53,'[1]2024'!$B:$B,0),MATCH(K$4,'[1]2024'!$2:$2,0)),0)++IFERROR(INDEX('[1]2024'!$A:$Q,MATCH($C$3&$D53,'[1]2024'!$B:$B,0),MATCH(K$4,'[1]2024'!$2:$2,0)),0)++IFERROR(INDEX('[1]2024'!$A:$Q,MATCH($D$3&$D53,'[1]2024'!$B:$B,0),MATCH(K$4,'[1]2024'!$2:$2,0)),0) -> 0 | L53: =IFERROR(INDEX('[1]2024'!$A:$Q,MATCH($A$3&$D53,'[1]2024'!$B:$B,0),MATCH(L$4,'[1]2024'!$2:$2,0)),0)+IFERROR(INDEX('[1]2024'!$A:$Q,MATCH($B$3&$D53,'[1]2024'!$B:$B,0),MATCH(L$4,'[1]2024'!$2:$2,0)),0)++IFERROR(INDEX('[1]2024'!$A:$Q,MATCH($C$3&$D53,'[1]2024'!$B:$B,0),MATCH(L$4,'[1]2024'!$2:$2,0)),0)++IFERROR(INDEX('[1]2024'!$A:$Q,MATCH($D$3&$D53,'[1]2024'!$B:$B,0),MATCH(L$4,'[1]2024'!$2:$2,0)),0) -> 0 | M53: =IFERROR(INDEX('[1]2024'!$A:$Q,MATCH($A$3&$D53,'[1]2024'!$B:$B,0),MATCH(M$4,'[1]2024'!$2:$2,0)),0)+IFERROR(INDEX('[1]2024'!$A:$Q,MATCH($B$3&$D53,'[1]2024'!$B:$B,0),MATCH(M$4,'[1]2024'!$2:$2,0)),0)++IFERROR(INDEX('[1]2024'!$A:$Q,MATCH($C$3&$D53,'[1]2024'!$B:$B,0),MATCH(M$4,'[1]2024'!$2:$2,0)),0)++IFERROR(INDEX('[1]2024'!$A:$Q,MATCH($D$3&$D53,'[1]2024'!$B:$B,0),MATCH(M$4,'[1]2024'!$2:$2,0)),0) -> 0 | N53: =IFERROR(INDEX('[1]2024'!$A:$Q,MATCH($A$3&$D53,'[1]2024'!$B:$B,0),MATCH(N$4,'[1]2024'!$2:$2,0)),0)+IFERROR(INDEX('[1]2024'!$A:$Q,MATCH($B$3&$D53,'[1]2024'!$B:$B,0),MATCH(N$4,'[1]2024'!$2:$2,0)),0)++IFERROR(INDEX('[1]2024'!$A:$Q,MATCH($C$3&$D53,'[1]2024'!$B:$B,0),MATCH(N$4,'[1]2024'!$2:$2,0)),0)++IFERROR(INDEX('[1]2024'!$A:$Q,MATCH($D$3&$D53,'[1]2024'!$B:$B,0),MATCH(N$4,'[1]2024'!$2:$2,0)),0) -> 0 | O53: =IFERROR(INDEX('[1]2024'!$A:$Q,MATCH($A$3&$D53,'[1]2024'!$B:$B,0),MATCH(O$4,'[1]2024'!$2:$2,0)),0)+IFERROR(INDEX('[1]2024'!$A:$Q,MATCH($B$3&$D53,'[1]2024'!$B:$B,0),MATCH(O$4,'[1]2024'!$2:$2,0)),0)++IFERROR(INDEX('[1]2024'!$A:$Q,MATCH($C$3&$D53,'[1]2024'!$B:$B,0),MATCH(O$4,'[1]2024'!$2:$2,0)),0)++IFERROR(INDEX('[1]2024'!$A:$Q,MATCH($D$3&$D53,'[1]2024'!$B:$B,0),MATCH(O$4,'[1]2024'!$2:$2,0)),0) -> 0 | ... S53: =IFERROR(INDEX('[1]2024'!$A:$Q,MATCH($A$3&$D53,'[1]2024'!$B:$B,0),MATCH(S$4,'[1]2024'!$2:$2,0)),0)+IFERROR(INDEX('[1]2024'!$A:$Q,MATCH($B$3&$D53,'[1]2024'!$B:$B,0),MATCH(S$4,'[1]2024'!$2:$2,0)),0)++IFERROR(INDEX('[1]2024'!$A:$Q,MATCH($C$3&$D53,'[1]2024'!$B:$B,0),MATCH(S$4,'[1]2024'!$2:$2,0)),0)++IFERROR(INDEX('[1]2024'!$A:$Q,MATCH($D$3&$D53,'[1]2024'!$B:$B,0),MATCH(S$4,'[1]2024'!$2:$2,0)),0) -> 0 | T53: 0 | U53: =SUM(V53:AG53) -> 0 | V53: 0 | W53: 0 | X53: 0 | Y53: 0 | Z53: 0 | AA53: 0 | AB53: 0 | AC53: 0 | AD53: 0 | AE53: 0 | AF53: 0 | AG53: 0 | AH53: =송도공장장!AH53+제조팀!AH53+송도밸리데이션팀!AH53+송도생산지원팀!AH53+송도설비관리팀!AH53 -> 0 | AI53: =송도공장장!AI53+제조팀!AI53+송도밸리데이션팀!AI53+송도생산지원팀!AI53+송도설비관리팀!AI53 -> 0 | AJ53: =송도공장장!AJ53+제조팀!AJ53+송도밸리데이션팀!AJ53+송도생산지원팀!AJ53+송도설비관리팀!AJ53 -> 0 | AK53: =송도공장장!AK53+제조팀!AK53+송도밸리데이션팀!AK53+송도생산지원팀!AK53+송도설비관리팀!AK53 -> 0 | AL53: =송도공장장!AL53+제조팀!AL53+송도밸리데이션팀!AL53+송도생산지원팀!AL53+송도설비관리팀!AL53 -> 0 | AM53: =송도공장장!AM53+제조팀!AM53+송도밸리데이션팀!AM53+송도생산지원팀!AM53+송도설비관리팀!AM53 -> 0 | AN53: =송도공장장!AN53+제조팀!AN53+송도밸리데이션팀!AN53+송도생산지원팀!AN53+송도설비관리팀!AN53 -> 0 | AO53: =송도공장장!AO53+제조팀!AO53+송도밸리데이션팀!AO53+송도생산지원팀!AO53+송도설비관리팀!AO53 -> 0 | ... AT53: =송도공장장!AT53+제조팀!AT53+송도밸리데이션팀!AT53+송도생산지원팀!AT53+송도설비관리팀!AT53 -> 0 | AU53: =SUM(AI53:AK53) -> 0 | AV53: =SUM(AL53:AN53) -> 0 | AW53: =SUM(AO53:AQ53) -> 0 | AX53: =SUM(AR53:AT53) -> 0 | AY53: =IF($BC53="O",1.05*$AH53,$AH53) -> 0 | AZ53: =IF($BC53="O",1.05*$AY53,$AY53) -> 0 | BA53: =IF($BC53="O",1.05*$AZ53,$AZ53) -> 0 | BC53: O | BE53: 0 | BF53: 0 | BG53: 0 | BH53: =G53 -> 0
A54: 통신비-정보통신사용료(제조) | B54: 통신비(제조) | C54: 고정비 | D54: 5105150 | E54: BT331 | F54: 0 | G54: =SUM(H54:S54) -> 0 | H54: =IFERROR(INDEX('[1]2024'!$A:$Q,MATCH($A$3&$D54,'[1]2024'!$B:$B,0),MATCH(H$4,'[1]2024'!$2:$2,0)),0)+IFERROR(INDEX('[1]2024'!$A:$Q,MATCH($B$3&$D54,'[1]2024'!$B:$B,0),MATCH(H$4,'[1]2024'!$2:$2,0)),0)++IFERROR(INDEX('[1]2024'!$A:$Q,MATCH($C$3&$D54,'[1]2024'!$B:$B,0),MATCH(H$4,'[1]2024'!$2:$2,0)),0)++IFERROR(INDEX('[1]2024'!$A:$Q,MATCH($D$3&$D54,'[1]2024'!$B:$B,0),MATCH(H$4,'[1]2024'!$2:$2,0)),0) -> 0 | I54: =IFERROR(INDEX('[1]2024'!$A:$Q,MATCH($A$3&$D54,'[1]2024'!$B:$B,0),MATCH(I$4,'[1]2024'!$2:$2,0)),0)+IFERROR(INDEX('[1]2024'!$A:$Q,MATCH($B$3&$D54,'[1]2024'!$B:$B,0),MATCH(I$4,'[1]2024'!$2:$2,0)),0)++IFERROR(INDEX('[1]2024'!$A:$Q,MATCH($C$3&$D54,'[1]2024'!$B:$B,0),MATCH(I$4,'[1]2024'!$2:$2,0)),0)++IFERROR(INDEX('[1]2024'!$A:$Q,MATCH($D$3&$D54,'[1]2024'!$B:$B,0),MATCH(I$4,'[1]2024'!$2:$2,0)),0) -> 0 | J54: =IFERROR(INDEX('[1]2024'!$A:$Q,MATCH($A$3&$D54,'[1]2024'!$B:$B,0),MATCH(J$4,'[1]2024'!$2:$2,0)),0)+IFERROR(INDEX('[1]2024'!$A:$Q,MATCH($B$3&$D54,'[1]2024'!$B:$B,0),MATCH(J$4,'[1]2024'!$2:$2,0)),0)++IFERROR(INDEX('[1]2024'!$A:$Q,MATCH($C$3&$D54,'[1]2024'!$B:$B,0),MATCH(J$4,'[1]2024'!$2:$2,0)),0)++IFERROR(INDEX('[1]2024'!$A:$Q,MATCH($D$3&$D54,'[1]2024'!$B:$B,0),MATCH(J$4,'[1]2024'!$2:$2,0)),0) -> 0 | K54: =IFERROR(INDEX('[1]2024'!$A:$Q,MATCH($A$3&$D54,'[1]2024'!$B:$B,0),MATCH(K$4,'[1]2024'!$2:$2,0)),0)+IFERROR(INDEX('[1]2024'!$A:$Q,MATCH($B$3&$D54,'[1]2024'!$B:$B,0),MATCH(K$4,'[1]2024'!$2:$2,0)),0)++IFERROR(INDEX('[1]2024'!$A:$Q,MATCH($C$3&$D54,'[1]2024'!$B:$B,0),MATCH(K$4,'[1]2024'!$2:$2,0)),0)++IFERROR(INDEX('[1]2024'!$A:$Q,MATCH($D$3&$D54,'[1]2024'!$B:$B,0),MATCH(K$4,'[1]2024'!$2:$2,0)),0) -> 0 | L54: =IFERROR(INDEX('[1]2024'!$A:$Q,MATCH($A$3&$D54,'[1]2024'!$B:$B,0),MATCH(L$4,'[1]2024'!$2:$2,0)),0)+IFERROR(INDEX('[1]2024'!$A:$Q,MATCH($B$3&$D54,'[1]2024'!$B:$B,0),MATCH(L$4,'[1]2024'!$2:$2,0)),0)++IFERROR(INDEX('[1]2024'!$A:$Q,MATCH($C$3&$D54,'[1]2024'!$B:$B,0),MATCH(L$4,'[1]2024'!$2:$2,0)),0)++IFERROR(INDEX('[1]2024'!$A:$Q,MATCH($D$3&$D54,'[1]2024'!$B:$B,0),MATCH(L$4,'[1]2024'!$2:$2,0)),0) -> 0 | M54: =IFERROR(INDEX('[1]2024'!$A:$Q,MATCH($A$3&$D54,'[1]2024'!$B:$B,0),MATCH(M$4,'[1]2024'!$2:$2,0)),0)+IFERROR(INDEX('[1]2024'!$A:$Q,MATCH($B$3&$D54,'[1]2024'!$B:$B,0),MATCH(M$4,'[1]2024'!$2:$2,0)),0)++IFERROR(INDEX('[1]2024'!$A:$Q,MATCH($C$3&$D54,'[1]2024'!$B:$B,0),MATCH(M$4,'[1]2024'!$2:$2,0)),0)++IFERROR(INDEX('[1]2024'!$A:$Q,MATCH($D$3&$D54,'[1]2024'!$B:$B,0),MATCH(M$4,'[1]2024'!$2:$2,0)),0) -> 0 | N54: =IFERROR(INDEX('[1]2024'!$A:$Q,MATCH($A$3&$D54,'[1]2024'!$B:$B,0),MATCH(N$4,'[1]2024'!$2:$2,0)),0)+IFERROR(INDEX('[1]2024'!$A:$Q,MATCH($B$3&$D54,'[1]2024'!$B:$B,0),MATCH(N$4,'[1]2024'!$2:$2,0)),0)++IFERROR(INDEX('[1]2024'!$A:$Q,MATCH($C$3&$D54,'[1]2024'!$B:$B,0),MATCH(N$4,'[1]2024'!$2:$2,0)),0)++IFERROR(INDEX('[1]2024'!$A:$Q,MATCH($D$3&$D54,'[1]2024'!$B:$B,0),MATCH(N$4,'[1]2024'!$2:$2,0)),0) -> 0 | O54: =IFERROR(INDEX('[1]2024'!$A:$Q,MATCH($A$3&$D54,'[1]2024'!$B:$B,0),MATCH(O$4,'[1]2024'!$2:$2,0)),0)+IFERROR(INDEX('[1]2024'!$A:$Q,MATCH($B$3&$D54,'[1]2024'!$B:$B,0),MATCH(O$4,'[1]2024'!$2:$2,0)),0)++IFERROR(INDEX('[1]2024'!$A:$Q,MATCH($C$3&$D54,'[1]2024'!$B:$B,0),MATCH(O$4,'[1]2024'!$2:$2,0)),0)++IFERROR(INDEX('[1]2024'!$A:$Q,MATCH($D$3&$D54,'[1]2024'!$B:$B,0),MATCH(O$4,'[1]2024'!$2:$2,0)),0) -> 0 | ... S54: =IFERROR(INDEX('[1]2024'!$A:$Q,MATCH($A$3&$D54,'[1]2024'!$B:$B,0),MATCH(S$4,'[1]2024'!$2:$2,0)),0)+IFERROR(INDEX('[1]2024'!$A:$Q,MATCH($B$3&$D54,'[1]2024'!$B:$B,0),MATCH(S$4,'[1]2024'!$2:$2,0)),0)++IFERROR(INDEX('[1]2024'!$A:$Q,MATCH($C$3&$D54,'[1]2024'!$B:$B,0),MATCH(S$4,'[1]2024'!$2:$2,0)),0)++IFERROR(INDEX('[1]2024'!$A:$Q,MATCH($D$3&$D54,'[1]2024'!$B:$B,0),MATCH(S$4,'[1]2024'!$2:$2,0)),0) -> 0 | T54: 0 | U54: =SUM(V54:AG54) -> 0 | V54: 0 | W54: 0 | X54: 0 | Y54: 0 | Z54: 0 | AA54: 0 | AB54: 0 | AC54: 0 | AD54: 0 | AE54: 0 | AF54: 0 | AG54: 0 | AH54: =송도공장장!AH54+제조팀!AH54+송도밸리데이션팀!AH54+송도생산지원팀!AH54+송도설비관리팀!AH54 -> 2400000 | AI54: =송도공장장!AI54+제조팀!AI54+송도밸리데이션팀!AI54+송도생산지원팀!AI54+송도설비관리팀!AI54 -> 200000 | AJ54: =송도공장장!AJ54+제조팀!AJ54+송도밸리데이션팀!AJ54+송도생산지원팀!AJ54+송도설비관리팀!AJ54 -> 200000 | AK54: =송도공장장!AK54+제조팀!AK54+송도밸리데이션팀!AK54+송도생산지원팀!AK54+송도설비관리팀!AK54 -> 200000 | AL54: =송도공장장!AL54+제조팀!AL54+송도밸리데이션팀!AL54+송도생산지원팀!AL54+송도설비관리팀!AL54 -> 200000 | AM54: =송도공장장!AM54+제조팀!AM54+송도밸리데이션팀!AM54+송도생산지원팀!AM54+송도설비관리팀!AM54 -> 200000 | AN54: =송도공장장!AN54+제조팀!AN54+송도밸리데이션팀!AN54+송도생산지원팀!AN54+송도설비관리팀!AN54 -> 200000 | AO54: =송도공장장!AO54+제조팀!AO54+송도밸리데이션팀!AO54+송도생산지원팀!AO54+송도설비관리팀!AO54 -> 200000 | ... AT54: =송도공장장!AT54+제조팀!AT54+송도밸리데이션팀!AT54+송도생산지원팀!AT54+송도설비관리팀!AT54 -> 200000 | AU54: =SUM(AI54:AK54) -> 600000 | AV54: =SUM(AL54:AN54) -> 600000 | AW54: =SUM(AO54:AQ54) -> 600000 | AX54: =SUM(AR54:AT54) -> 600000 | AY54: =IF($BC54="O",1.05*$AH54,$AH54) -> 2520000 | AZ54: =IF($BC54="O",1.05*$AY54,$AY54) -> 2646000 | BA54: =IF($BC54="O",1.05*$AZ54,$AZ54) -> 2778300 | BC54: O | BE54: 0 | BF54: 0 | BG54: 0 | BH54: =G54 -> 0
A55: 통신비-우편전보료(제조) | B55: 우편전보료(제조) | C55: 고정비 | D55: 5105140 | E55: BT229 | F55: 0 | G55: =SUM(H55:S55) -> 0 | H55: =IFERROR(INDEX('[1]2024'!$A:$Q,MATCH($A$3&$D55,'[1]2024'!$B:$B,0),MATCH(H$4,'[1]2024'!$2:$2,0)),0)+IFERROR(INDEX('[1]2024'!$A:$Q,MATCH($B$3&$D55,'[1]2024'!$B:$B,0),MATCH(H$4,'[1]2024'!$2:$2,0)),0)++IFERROR(INDEX('[1]2024'!$A:$Q,MATCH($C$3&$D55,'[1]2024'!$B:$B,0),MATCH(H$4,'[1]2024'!$2:$2,0)),0)++IFERROR(INDEX('[1]2024'!$A:$Q,MATCH($D$3&$D55,'[1]2024'!$B:$B,0),MATCH(H$4,'[1]2024'!$2:$2,0)),0) -> 0 | I55: =IFERROR(INDEX('[1]2024'!$A:$Q,MATCH($A$3&$D55,'[1]2024'!$B:$B,0),MATCH(I$4,'[1]2024'!$2:$2,0)),0)+IFERROR(INDEX('[1]2024'!$A:$Q,MATCH($B$3&$D55,'[1]2024'!$B:$B,0),MATCH(I$4,'[1]2024'!$2:$2,0)),0)++IFERROR(INDEX('[1]2024'!$A:$Q,MATCH($C$3&$D55,'[1]2024'!$B:$B,0),MATCH(I$4,'[1]2024'!$2:$2,0)),0)++IFERROR(INDEX('[1]2024'!$A:$Q,MATCH($D$3&$D55,'[1]2024'!$B:$B,0),MATCH(I$4,'[1]2024'!$2:$2,0)),0) -> 0 | J55: =IFERROR(INDEX('[1]2024'!$A:$Q,MATCH($A$3&$D55,'[1]2024'!$B:$B,0),MATCH(J$4,'[1]2024'!$2:$2,0)),0)+IFERROR(INDEX('[1]2024'!$A:$Q,MATCH($B$3&$D55,'[1]2024'!$B:$B,0),MATCH(J$4,'[1]2024'!$2:$2,0)),0)++IFERROR(INDEX('[1]2024'!$A:$Q,MATCH($C$3&$D55,'[1]2024'!$B:$B,0),MATCH(J$4,'[1]2024'!$2:$2,0)),0)++IFERROR(INDEX('[1]2024'!$A:$Q,MATCH($D$3&$D55,'[1]2024'!$B:$B,0),MATCH(J$4,'[1]2024'!$2:$2,0)),0) -> 0 | K55: =IFERROR(INDEX('[1]2024'!$A:$Q,MATCH($A$3&$D55,'[1]2024'!$B:$B,0),MATCH(K$4,'[1]2024'!$2:$2,0)),0)+IFERROR(INDEX('[1]2024'!$A:$Q,MATCH($B$3&$D55,'[1]2024'!$B:$B,0),MATCH(K$4,'[1]2024'!$2:$2,0)),0)++IFERROR(INDEX('[1]2024'!$A:$Q,MATCH($C$3&$D55,'[1]2024'!$B:$B,0),MATCH(K$4,'[1]2024'!$2:$2,0)),0)++IFERROR(INDEX('[1]2024'!$A:$Q,MATCH($D$3&$D55,'[1]2024'!$B:$B,0),MATCH(K$4,'[1]2024'!$2:$2,0)),0) -> 0 | L55: =IFERROR(INDEX('[1]2024'!$A:$Q,MATCH($A$3&$D55,'[1]2024'!$B:$B,0),MATCH(L$4,'[1]2024'!$2:$2,0)),0)+IFERROR(INDEX('[1]2024'!$A:$Q,MATCH($B$3&$D55,'[1]2024'!$B:$B,0),MATCH(L$4,'[1]2024'!$2:$2,0)),0)++IFERROR(INDEX('[1]2024'!$A:$Q,MATCH($C$3&$D55,'[1]2024'!$B:$B,0),MATCH(L$4,'[1]2024'!$2:$2,0)),0)++IFERROR(INDEX('[1]2024'!$A:$Q,MATCH($D$3&$D55,'[1]2024'!$B:$B,0),MATCH(L$4,'[1]2024'!$2:$2,0)),0) -> 0 | M55: =IFERROR(INDEX('[1]2024'!$A:$Q,MATCH($A$3&$D55,'[1]2024'!$B:$B,0),MATCH(M$4,'[1]2024'!$2:$2,0)),0)+IFERROR(INDEX('[1]2024'!$A:$Q,MATCH($B$3&$D55,'[1]2024'!$B:$B,0),MATCH(M$4,'[1]2024'!$2:$2,0)),0)++IFERROR(INDEX('[1]2024'!$A:$Q,MATCH($C$3&$D55,'[1]2024'!$B:$B,0),MATCH(M$4,'[1]2024'!$2:$2,0)),0)++IFERROR(INDEX('[1]2024'!$A:$Q,MATCH($D$3&$D55,'[1]2024'!$B:$B,0),MATCH(M$4,'[1]2024'!$2:$2,0)),0) -> 0 | N55: =IFERROR(INDEX('[1]2024'!$A:$Q,MATCH($A$3&$D55,'[1]2024'!$B:$B,0),MATCH(N$4,'[1]2024'!$2:$2,0)),0)+IFERROR(INDEX('[1]2024'!$A:$Q,MATCH($B$3&$D55,'[1]2024'!$B:$B,0),MATCH(N$4,'[1]2024'!$2:$2,0)),0)++IFERROR(INDEX('[1]2024'!$A:$Q,MATCH($C$3&$D55,'[1]2024'!$B:$B,0),MATCH(N$4,'[1]2024'!$2:$2,0)),0)++IFERROR(INDEX('[1]2024'!$A:$Q,MATCH($D$3&$D55,'[1]2024'!$B:$B,0),MATCH(N$4,'[1]2024'!$2:$2,0)),0) -> 0 | O55: =IFERROR(INDEX('[1]2024'!$A:$Q,MATCH($A$3&$D55,'[1]2024'!$B:$B,0),MATCH(O$4,'[1]2024'!$2:$2,0)),0)+IFERROR(INDEX('[1]2024'!$A:$Q,MATCH($B$3&$D55,'[1]2024'!$B:$B,0),MATCH(O$4,'[1]2024'!$2:$2,0)),0)++IFERROR(INDEX('[1]2024'!$A:$Q,MATCH($C$3&$D55,'[1]2024'!$B:$B,0),MATCH(O$4,'[1]2024'!$2:$2,0)),0)++IFERROR(INDEX('[1]2024'!$A:$Q,MATCH($D$3&$D55,'[1]2024'!$B:$B,0),MATCH(O$4,'[1]2024'!$2:$2,0)),0) -> 0 | ... S55: =IFERROR(INDEX('[1]2024'!$A:$Q,MATCH($A$3&$D55,'[1]2024'!$B:$B,0),MATCH(S$4,'[1]2024'!$2:$2,0)),0)+IFERROR(INDEX('[1]2024'!$A:$Q,MATCH($B$3&$D55,'[1]2024'!$B:$B,0),MATCH(S$4,'[1]2024'!$2:$2,0)),0)++IFERROR(INDEX('[1]2024'!$A:$Q,MATCH($C$3&$D55,'[1]2024'!$B:$B,0),MATCH(S$4,'[1]2024'!$2:$2,0)),0)++IFERROR(INDEX('[1]2024'!$A:$Q,MATCH($D$3&$D55,'[1]2024'!$B:$B,0),MATCH(S$4,'[1]2024'!$2:$2,0)),0) -> 0 | T55: 0 | U55: =SUM(V55:AG55) -> 0 | V55: 0 | W55: 0 | X55: 0 | Y55: 0 | Z55: 0 | AA55: 0 | AB55: 0 | AC55: 0 | AD55: 0 | AE55: 0 | AF55: 0 | AG55: 0 | AH55: =송도공장장!AH55+제조팀!AH55+송도밸리데이션팀!AH55+송도생산지원팀!AH55+송도설비관리팀!AH55 -> 240000 | AI55: =송도공장장!AI55+제조팀!AI55+송도밸리데이션팀!AI55+송도생산지원팀!AI55+송도설비관리팀!AI55 -> 20000 | AJ55: =송도공장장!AJ55+제조팀!AJ55+송도밸리데이션팀!AJ55+송도생산지원팀!AJ55+송도설비관리팀!AJ55 -> 20000 | AK55: =송도공장장!AK55+제조팀!AK55+송도밸리데이션팀!AK55+송도생산지원팀!AK55+송도설비관리팀!AK55 -> 20000 | AL55: =송도공장장!AL55+제조팀!AL55+송도밸리데이션팀!AL55+송도생산지원팀!AL55+송도설비관리팀!AL55 -> 20000 | AM55: =송도공장장!AM55+제조팀!AM55+송도밸리데이션팀!AM55+송도생산지원팀!AM55+송도설비관리팀!AM55 -> 20000 | AN55: =송도공장장!AN55+제조팀!AN55+송도밸리데이션팀!AN55+송도생산지원팀!AN55+송도설비관리팀!AN55 -> 20000 | AO55: =송도공장장!AO55+제조팀!AO55+송도밸리데이션팀!AO55+송도생산지원팀!AO55+송도설비관리팀!AO55 -> 20000 | ... AT55: =송도공장장!AT55+제조팀!AT55+송도밸리데이션팀!AT55+송도생산지원팀!AT55+송도설비관리팀!AT55 -> 20000 | AU55: =SUM(AI55:AK55) -> 60000 | AV55: =SUM(AL55:AN55) -> 60000 | AW55: =SUM(AO55:AQ55) -> 60000 | AX55: =SUM(AR55:AT55) -> 60000 | AY55: =IF($BC55="O",1.05*$AH55,$AH55) -> 252000 | AZ55: =IF($BC55="O",1.05*$AY55,$AY55) -> 264600 | BA55: =IF($BC55="O",1.05*$AZ55,$AZ55) -> 277830 | BC55: O | BE55: 0 | BF55: 0 | BG55: 0 | BH55: =G55 -> 0
A56: 통신비-국제전화료(제조) | B56: 통신비(제조) | C56: 고정비 | D56: 5105130 | E56: BT331 | F56: 0 | G56: =SUM(H56:S56) -> 0 | H56: =IFERROR(INDEX('[1]2024'!$A:$Q,MATCH($A$3&$D56,'[1]2024'!$B:$B,0),MATCH(H$4,'[1]2024'!$2:$2,0)),0)+IFERROR(INDEX('[1]2024'!$A:$Q,MATCH($B$3&$D56,'[1]2024'!$B:$B,0),MATCH(H$4,'[1]2024'!$2:$2,0)),0)++IFERROR(INDEX('[1]2024'!$A:$Q,MATCH($C$3&$D56,'[1]2024'!$B:$B,0),MATCH(H$4,'[1]2024'!$2:$2,0)),0)++IFERROR(INDEX('[1]2024'!$A:$Q,MATCH($D$3&$D56,'[1]2024'!$B:$B,0),MATCH(H$4,'[1]2024'!$2:$2,0)),0) -> 0 | I56: =IFERROR(INDEX('[1]2024'!$A:$Q,MATCH($A$3&$D56,'[1]2024'!$B:$B,0),MATCH(I$4,'[1]2024'!$2:$2,0)),0)+IFERROR(INDEX('[1]2024'!$A:$Q,MATCH($B$3&$D56,'[1]2024'!$B:$B,0),MATCH(I$4,'[1]2024'!$2:$2,0)),0)++IFERROR(INDEX('[1]2024'!$A:$Q,MATCH($C$3&$D56,'[1]2024'!$B:$B,0),MATCH(I$4,'[1]2024'!$2:$2,0)),0)++IFERROR(INDEX('[1]2024'!$A:$Q,MATCH($D$3&$D56,'[1]2024'!$B:$B,0),MATCH(I$4,'[1]2024'!$2:$2,0)),0) -> 0 | J56: =IFERROR(INDEX('[1]2024'!$A:$Q,MATCH($A$3&$D56,'[1]2024'!$B:$B,0),MATCH(J$4,'[1]2024'!$2:$2,0)),0)+IFERROR(INDEX('[1]2024'!$A:$Q,MATCH($B$3&$D56,'[1]2024'!$B:$B,0),MATCH(J$4,'[1]2024'!$2:$2,0)),0)++IFERROR(INDEX('[1]2024'!$A:$Q,MATCH($C$3&$D56,'[1]2024'!$B:$B,0),MATCH(J$4,'[1]2024'!$2:$2,0)),0)++IFERROR(INDEX('[1]2024'!$A:$Q,MATCH($D$3&$D56,'[1]2024'!$B:$B,0),MATCH(J$4,'[1]2024'!$2:$2,0)),0) -> 0 | K56: =IFERROR(INDEX('[1]2024'!$A:$Q,MATCH($A$3&$D56,'[1]2024'!$B:$B,0),MATCH(K$4,'[1]2024'!$2:$2,0)),0)+IFERROR(INDEX('[1]2024'!$A:$Q,MATCH($B$3&$D56,'[1]2024'!$B:$B,0),MATCH(K$4,'[1]2024'!$2:$2,0)),0)++IFERROR(INDEX('[1]2024'!$A:$Q,MATCH($C$3&$D56,'[1]2024'!$B:$B,0),MATCH(K$4,'[1]2024'!$2:$2,0)),0)++IFERROR(INDEX('[1]2024'!$A:$Q,MATCH($D$3&$D56,'[1]2024'!$B:$B,0),MATCH(K$4,'[1]2024'!$2:$2,0)),0) -> 0 | L56: =IFERROR(INDEX('[1]2024'!$A:$Q,MATCH($A$3&$D56,'[1]2024'!$B:$B,0),MATCH(L$4,'[1]2024'!$2:$2,0)),0)+IFERROR(INDEX('[1]2024'!$A:$Q,MATCH($B$3&$D56,'[1]2024'!$B:$B,0),MATCH(L$4,'[1]2024'!$2:$2,0)),0)++IFERROR(INDEX('[1]2024'!$A:$Q,MATCH($C$3&$D56,'[1]2024'!$B:$B,0),MATCH(L$4,'[1]2024'!$2:$2,0)),0)++IFERROR(INDEX('[1]2024'!$A:$Q,MATCH($D$3&$D56,'[1]2024'!$B:$B,0),MATCH(L$4,'[1]2024'!$2:$2,0)),0) -> 0 | M56: =IFERROR(INDEX('[1]2024'!$A:$Q,MATCH($A$3&$D56,'[1]2024'!$B:$B,0),MATCH(M$4,'[1]2024'!$2:$2,0)),0)+IFERROR(INDEX('[1]2024'!$A:$Q,MATCH($B$3&$D56,'[1]2024'!$B:$B,0),MATCH(M$4,'[1]2024'!$2:$2,0)),0)++IFERROR(INDEX('[1]2024'!$A:$Q,MATCH($C$3&$D56,'[1]2024'!$B:$B,0),MATCH(M$4,'[1]2024'!$2:$2,0)),0)++IFERROR(INDEX('[1]2024'!$A:$Q,MATCH($D$3&$D56,'[1]2024'!$B:$B,0),MATCH(M$4,'[1]2024'!$2:$2,0)),0) -> 0 | N56: =IFERROR(INDEX('[1]2024'!$A:$Q,MATCH($A$3&$D56,'[1]2024'!$B:$B,0),MATCH(N$4,'[1]2024'!$2:$2,0)),0)+IFERROR(INDEX('[1]2024'!$A:$Q,MATCH($B$3&$D56,'[1]2024'!$B:$B,0),MATCH(N$4,'[1]2024'!$2:$2,0)),0)++IFERROR(INDEX('[1]2024'!$A:$Q,MATCH($C$3&$D56,'[1]2024'!$B:$B,0),MATCH(N$4,'[1]2024'!$2:$2,0)),0)++IFERROR(INDEX('[1]2024'!$A:$Q,MATCH($D$3&$D56,'[1]2024'!$B:$B,0),MATCH(N$4,'[1]2024'!$2:$2,0)),0) -> 0 | O56: =IFERROR(INDEX('[1]2024'!$A:$Q,MATCH($A$3&$D56,'[1]2024'!$B:$B,0),MATCH(O$4,'[1]2024'!$2:$2,0)),0)+IFERROR(INDEX('[1]2024'!$A:$Q,MATCH($B$3&$D56,'[1]2024'!$B:$B,0),MATCH(O$4,'[1]2024'!$2:$2,0)),0)++IFERROR(INDEX('[1]2024'!$A:$Q,MATCH($C$3&$D56,'[1]2024'!$B:$B,0),MATCH(O$4,'[1]2024'!$2:$2,0)),0)++IFERROR(INDEX('[1]2024'!$A:$Q,MATCH($D$3&$D56,'[1]2024'!$B:$B,0),MATCH(O$4,'[1]2024'!$2:$2,0)),0) -> 0 | ... S56: =IFERROR(INDEX('[1]2024'!$A:$Q,MATCH($A$3&$D56,'[1]2024'!$B:$B,0),MATCH(S$4,'[1]2024'!$2:$2,0)),0)+IFERROR(INDEX('[1]2024'!$A:$Q,MATCH($B$3&$D56,'[1]2024'!$B:$B,0),MATCH(S$4,'[1]2024'!$2:$2,0)),0)++IFERROR(INDEX('[1]2024'!$A:$Q,MATCH($C$3&$D56,'[1]2024'!$B:$B,0),MATCH(S$4,'[1]2024'!$2:$2,0)),0)++IFERROR(INDEX('[1]2024'!$A:$Q,MATCH($D$3&$D56,'[1]2024'!$B:$B,0),MATCH(S$4,'[1]2024'!$2:$2,0)),0) -> 0 | T56: 0 | U56: =SUM(V56:AG56) -> 0 | V56: 0 | W56: 0 | X56: 0 | Y56: 0 | Z56: 0 | AA56: 0 | AB56: 0 | AC56: 0 | AD56: 0 | AE56: 0 | AF56: 0 | AG56: 0 | AH56: =송도공장장!AH56+제조팀!AH56+송도밸리데이션팀!AH56+송도생산지원팀!AH56+송도설비관리팀!AH56 -> 0 | AI56: =송도공장장!AI56+제조팀!AI56+송도밸리데이션팀!AI56+송도생산지원팀!AI56+송도설비관리팀!AI56 -> 0 | AJ56: =송도공장장!AJ56+제조팀!AJ56+송도밸리데이션팀!AJ56+송도생산지원팀!AJ56+송도설비관리팀!AJ56 -> 0 | AK56: =송도공장장!AK56+제조팀!AK56+송도밸리데이션팀!AK56+송도생산지원팀!AK56+송도설비관리팀!AK56 -> 0 | AL56: =송도공장장!AL56+제조팀!AL56+송도밸리데이션팀!AL56+송도생산지원팀!AL56+송도설비관리팀!AL56 -> 0 | AM56: =송도공장장!AM56+제조팀!AM56+송도밸리데이션팀!AM56+송도생산지원팀!AM56+송도설비관리팀!AM56 -> 0 | AN56: =송도공장장!AN56+제조팀!AN56+송도밸리데이션팀!AN56+송도생산지원팀!AN56+송도설비관리팀!AN56 -> 0 | AO56: =송도공장장!AO56+제조팀!AO56+송도밸리데이션팀!AO56+송도생산지원팀!AO56+송도설비관리팀!AO56 -> 0 | ... AT56: =송도공장장!AT56+제조팀!AT56+송도밸리데이션팀!AT56+송도생산지원팀!AT56+송도설비관리팀!AT56 -> 0 | AU56: =SUM(AI56:AK56) -> 0 | AV56: =SUM(AL56:AN56) -> 0 | AW56: =SUM(AO56:AQ56) -> 0 | AX56: =SUM(AR56:AT56) -> 0 | AY56: =IF($BC56="O",1.05*$AH56,$AH56) -> 0 | AZ56: =IF($BC56="O",1.05*$AY56,$AY56) -> 0 | BA56: =IF($BC56="O",1.05*$AZ56,$AZ56) -> 0 | BC56: O | BE56: 0 | BF56: 0 | BG56: 0 | BH56: =G56 -> 0
A57: 통신비-시외전화료(제조) | B57: 통신비(제조) | C57: 고정비 | D57: 5105120 | E57: BT331 | F57: 0 | G57: =SUM(H57:S57) -> 0 | H57: =IFERROR(INDEX('[1]2024'!$A:$Q,MATCH($A$3&$D57,'[1]2024'!$B:$B,0),MATCH(H$4,'[1]2024'!$2:$2,0)),0)+IFERROR(INDEX('[1]2024'!$A:$Q,MATCH($B$3&$D57,'[1]2024'!$B:$B,0),MATCH(H$4,'[1]2024'!$2:$2,0)),0)++IFERROR(INDEX('[1]2024'!$A:$Q,MATCH($C$3&$D57,'[1]2024'!$B:$B,0),MATCH(H$4,'[1]2024'!$2:$2,0)),0)++IFERROR(INDEX('[1]2024'!$A:$Q,MATCH($D$3&$D57,'[1]2024'!$B:$B,0),MATCH(H$4,'[1]2024'!$2:$2,0)),0) -> 0 | I57: =IFERROR(INDEX('[1]2024'!$A:$Q,MATCH($A$3&$D57,'[1]2024'!$B:$B,0),MATCH(I$4,'[1]2024'!$2:$2,0)),0)+IFERROR(INDEX('[1]2024'!$A:$Q,MATCH($B$3&$D57,'[1]2024'!$B:$B,0),MATCH(I$4,'[1]2024'!$2:$2,0)),0)++IFERROR(INDEX('[1]2024'!$A:$Q,MATCH($C$3&$D57,'[1]2024'!$B:$B,0),MATCH(I$4,'[1]2024'!$2:$2,0)),0)++IFERROR(INDEX('[1]2024'!$A:$Q,MATCH($D$3&$D57,'[1]2024'!$B:$B,0),MATCH(I$4,'[1]2024'!$2:$2,0)),0) -> 0 | J57: =IFERROR(INDEX('[1]2024'!$A:$Q,MATCH($A$3&$D57,'[1]2024'!$B:$B,0),MATCH(J$4,'[1]2024'!$2:$2,0)),0)+IFERROR(INDEX('[1]2024'!$A:$Q,MATCH($B$3&$D57,'[1]2024'!$B:$B,0),MATCH(J$4,'[1]2024'!$2:$2,0)),0)++IFERROR(INDEX('[1]2024'!$A:$Q,MATCH($C$3&$D57,'[1]2024'!$B:$B,0),MATCH(J$4,'[1]2024'!$2:$2,0)),0)++IFERROR(INDEX('[1]2024'!$A:$Q,MATCH($D$3&$D57,'[1]2024'!$B:$B,0),MATCH(J$4,'[1]2024'!$2:$2,0)),0) -> 0 | K57: =IFERROR(INDEX('[1]2024'!$A:$Q,MATCH($A$3&$D57,'[1]2024'!$B:$B,0),MATCH(K$4,'[1]2024'!$2:$2,0)),0)+IFERROR(INDEX('[1]2024'!$A:$Q,MATCH($B$3&$D57,'[1]2024'!$B:$B,0),MATCH(K$4,'[1]2024'!$2:$2,0)),0)++IFERROR(INDEX('[1]2024'!$A:$Q,MATCH($C$3&$D57,'[1]2024'!$B:$B,0),MATCH(K$4,'[1]2024'!$2:$2,0)),0)++IFERROR(INDEX('[1]2024'!$A:$Q,MATCH($D$3&$D57,'[1]2024'!$B:$B,0),MATCH(K$4,'[1]2024'!$2:$2,0)),0) -> 0 | L57: =IFERROR(INDEX('[1]2024'!$A:$Q,MATCH($A$3&$D57,'[1]2024'!$B:$B,0),MATCH(L$4,'[1]2024'!$2:$2,0)),0)+IFERROR(INDEX('[1]2024'!$A:$Q,MATCH($B$3&$D57,'[1]2024'!$B:$B,0),MATCH(L$4,'[1]2024'!$2:$2,0)),0)++IFERROR(INDEX('[1]2024'!$A:$Q,MATCH($C$3&$D57,'[1]2024'!$B:$B,0),MATCH(L$4,'[1]2024'!$2:$2,0)),0)++IFERROR(INDEX('[1]2024'!$A:$Q,MATCH($D$3&$D57,'[1]2024'!$B:$B,0),MATCH(L$4,'[1]2024'!$2:$2,0)),0) -> 0 | M57: =IFERROR(INDEX('[1]2024'!$A:$Q,MATCH($A$3&$D57,'[1]2024'!$B:$B,0),MATCH(M$4,'[1]2024'!$2:$2,0)),0)+IFERROR(INDEX('[1]2024'!$A:$Q,MATCH($B$3&$D57,'[1]2024'!$B:$B,0),MATCH(M$4,'[1]2024'!$2:$2,0)),0)++IFERROR(INDEX('[1]2024'!$A:$Q,MATCH($C$3&$D57,'[1]2024'!$B:$B,0),MATCH(M$4,'[1]2024'!$2:$2,0)),0)++IFERROR(INDEX('[1]2024'!$A:$Q,MATCH($D$3&$D57,'[1]2024'!$B:$B,0),MATCH(M$4,'[1]2024'!$2:$2,0)),0) -> 0 | N57: =IFERROR(INDEX('[1]2024'!$A:$Q,MATCH($A$3&$D57,'[1]2024'!$B:$B,0),MATCH(N$4,'[1]2024'!$2:$2,0)),0)+IFERROR(INDEX('[1]2024'!$A:$Q,MATCH($B$3&$D57,'[1]2024'!$B:$B,0),MATCH(N$4,'[1]2024'!$2:$2,0)),0)++IFERROR(INDEX('[1]2024'!$A:$Q,MATCH($C$3&$D57,'[1]2024'!$B:$B,0),MATCH(N$4,'[1]2024'!$2:$2,0)),0)++IFERROR(INDEX('[1]2024'!$A:$Q,MATCH($D$3&$D57,'[1]2024'!$B:$B,0),MATCH(N$4,'[1]2024'!$2:$2,0)),0) -> 0 | O57: =IFERROR(INDEX('[1]2024'!$A:$Q,MATCH($A$3&$D57,'[1]2024'!$B:$B,0),MATCH(O$4,'[1]2024'!$2:$2,0)),0)+IFERROR(INDEX('[1]2024'!$A:$Q,MATCH($B$3&$D57,'[1]2024'!$B:$B,0),MATCH(O$4,'[1]2024'!$2:$2,0)),0)++IFERROR(INDEX('[1]2024'!$A:$Q,MATCH($C$3&$D57,'[1]2024'!$B:$B,0),MATCH(O$4,'[1]2024'!$2:$2,0)),0)++IFERROR(INDEX('[1]2024'!$A:$Q,MATCH($D$3&$D57,'[1]2024'!$B:$B,0),MATCH(O$4,'[1]2024'!$2:$2,0)),0) -> 0 | ... S57: =IFERROR(INDEX('[1]2024'!$A:$Q,MATCH($A$3&$D57,'[1]2024'!$B:$B,0),MATCH(S$4,'[1]2024'!$2:$2,0)),0)+IFERROR(INDEX('[1]2024'!$A:$Q,MATCH($B$3&$D57,'[1]2024'!$B:$B,0),MATCH(S$4,'[1]2024'!$2:$2,0)),0)++IFERROR(INDEX('[1]2024'!$A:$Q,MATCH($C$3&$D57,'[1]2024'!$B:$B,0),MATCH(S$4,'[1]2024'!$2:$2,0)),0)++IFERROR(INDEX('[1]2024'!$A:$Q,MATCH($D$3&$D57,'[1]2024'!$B:$B,0),MATCH(S$4,'[1]2024'!$2:$2,0)),0) -> 0 | T57: 0 | U57: =SUM(V57:AG57) -> 0 | V57: 0 | W57: 0 | X57: 0 | Y57: 0 | Z57: 0 | AA57: 0 | AB57: 0 | AC57: 0 | AD57: 0 | AE57: 0 | AF57: 0 | AG57: 0 | AH57: =송도공장장!AH57+제조팀!AH57+송도밸리데이션팀!AH57+송도생산지원팀!AH57+송도설비관리팀!AH57 -> 0 | AI57: =송도공장장!AI57+제조팀!AI57+송도밸리데이션팀!AI57+송도생산지원팀!AI57+송도설비관리팀!AI57 -> 0 | AJ57: =송도공장장!AJ57+제조팀!AJ57+송도밸리데이션팀!AJ57+송도생산지원팀!AJ57+송도설비관리팀!AJ57 -> 0 | AK57: =송도공장장!AK57+제조팀!AK57+송도밸리데이션팀!AK57+송도생산지원팀!AK57+송도설비관리팀!AK57 -> 0 | AL57: =송도공장장!AL57+제조팀!AL57+송도밸리데이션팀!AL57+송도생산지원팀!AL57+송도설비관리팀!AL57 -> 0 | AM57: =송도공장장!AM57+제조팀!AM57+송도밸리데이션팀!AM57+송도생산지원팀!AM57+송도설비관리팀!AM57 -> 0 | AN57: =송도공장장!AN57+제조팀!AN57+송도밸리데이션팀!AN57+송도생산지원팀!AN57+송도설비관리팀!AN57 -> 0 | AO57: =송도공장장!AO57+제조팀!AO57+송도밸리데이션팀!AO57+송도생산지원팀!AO57+송도설비관리팀!AO57 -> 0 | ... AT57: =송도공장장!AT57+제조팀!AT57+송도밸리데이션팀!AT57+송도생산지원팀!AT57+송도설비관리팀!AT57 -> 0 | AU57: =SUM(AI57:AK57) -> 0 | AV57: =SUM(AL57:AN57) -> 0 | AW57: =SUM(AO57:AQ57) -> 0 | AX57: =SUM(AR57:AT57) -> 0 | AY57: =IF($BC57="O",1.05*$AH57,$AH57) -> 0 | AZ57: =IF($BC57="O",1.05*$AY57,$AY57) -> 0 | BA57: =IF($BC57="O",1.05*$AZ57,$AZ57) -> 0 | BC57: O | BE57: 0 | BF57: 0 | BG57: 0 | BH57: =G57 -> 0
A58: 통신비-시내전화료(제조) | B58: 통신비(제조) | C58: 고정비 | D58: 5105110 | E58: BT331 | F58: 0 | G58: =SUM(H58:S58) -> 0 | H58: =IFERROR(INDEX('[1]2024'!$A:$Q,MATCH($A$3&$D58,'[1]2024'!$B:$B,0),MATCH(H$4,'[1]2024'!$2:$2,0)),0)+IFERROR(INDEX('[1]2024'!$A:$Q,MATCH($B$3&$D58,'[1]2024'!$B:$B,0),MATCH(H$4,'[1]2024'!$2:$2,0)),0)++IFERROR(INDEX('[1]2024'!$A:$Q,MATCH($C$3&$D58,'[1]2024'!$B:$B,0),MATCH(H$4,'[1]2024'!$2:$2,0)),0)++IFERROR(INDEX('[1]2024'!$A:$Q,MATCH($D$3&$D58,'[1]2024'!$B:$B,0),MATCH(H$4,'[1]2024'!$2:$2,0)),0) -> 0 | I58: =IFERROR(INDEX('[1]2024'!$A:$Q,MATCH($A$3&$D58,'[1]2024'!$B:$B,0),MATCH(I$4,'[1]2024'!$2:$2,0)),0)+IFERROR(INDEX('[1]2024'!$A:$Q,MATCH($B$3&$D58,'[1]2024'!$B:$B,0),MATCH(I$4,'[1]2024'!$2:$2,0)),0)++IFERROR(INDEX('[1]2024'!$A:$Q,MATCH($C$3&$D58,'[1]2024'!$B:$B,0),MATCH(I$4,'[1]2024'!$2:$2,0)),0)++IFERROR(INDEX('[1]2024'!$A:$Q,MATCH($D$3&$D58,'[1]2024'!$B:$B,0),MATCH(I$4,'[1]2024'!$2:$2,0)),0) -> 0 | J58: =IFERROR(INDEX('[1]2024'!$A:$Q,MATCH($A$3&$D58,'[1]2024'!$B:$B,0),MATCH(J$4,'[1]2024'!$2:$2,0)),0)+IFERROR(INDEX('[1]2024'!$A:$Q,MATCH($B$3&$D58,'[1]2024'!$B:$B,0),MATCH(J$4,'[1]2024'!$2:$2,0)),0)++IFERROR(INDEX('[1]2024'!$A:$Q,MATCH($C$3&$D58,'[1]2024'!$B:$B,0),MATCH(J$4,'[1]2024'!$2:$2,0)),0)++IFERROR(INDEX('[1]2024'!$A:$Q,MATCH($D$3&$D58,'[1]2024'!$B:$B,0),MATCH(J$4,'[1]2024'!$2:$2,0)),0) -> 0 | K58: =IFERROR(INDEX('[1]2024'!$A:$Q,MATCH($A$3&$D58,'[1]2024'!$B:$B,0),MATCH(K$4,'[1]2024'!$2:$2,0)),0)+IFERROR(INDEX('[1]2024'!$A:$Q,MATCH($B$3&$D58,'[1]2024'!$B:$B,0),MATCH(K$4,'[1]2024'!$2:$2,0)),0)++IFERROR(INDEX('[1]2024'!$A:$Q,MATCH($C$3&$D58,'[1]2024'!$B:$B,0),MATCH(K$4,'[1]2024'!$2:$2,0)),0)++IFERROR(INDEX('[1]2024'!$A:$Q,MATCH($D$3&$D58,'[1]2024'!$B:$B,0),MATCH(K$4,'[1]2024'!$2:$2,0)),0) -> 0 | L58: =IFERROR(INDEX('[1]2024'!$A:$Q,MATCH($A$3&$D58,'[1]2024'!$B:$B,0),MATCH(L$4,'[1]2024'!$2:$2,0)),0)+IFERROR(INDEX('[1]2024'!$A:$Q,MATCH($B$3&$D58,'[1]2024'!$B:$B,0),MATCH(L$4,'[1]2024'!$2:$2,0)),0)++IFERROR(INDEX('[1]2024'!$A:$Q,MATCH($C$3&$D58,'[1]2024'!$B:$B,0),MATCH(L$4,'[1]2024'!$2:$2,0)),0)++IFERROR(INDEX('[1]2024'!$A:$Q,MATCH($D$3&$D58,'[1]2024'!$B:$B,0),MATCH(L$4,'[1]2024'!$2:$2,0)),0) -> 0 | M58: =IFERROR(INDEX('[1]2024'!$A:$Q,MATCH($A$3&$D58,'[1]2024'!$B:$B,0),MATCH(M$4,'[1]2024'!$2:$2,0)),0)+IFERROR(INDEX('[1]2024'!$A:$Q,MATCH($B$3&$D58,'[1]2024'!$B:$B,0),MATCH(M$4,'[1]2024'!$2:$2,0)),0)++IFERROR(INDEX('[1]2024'!$A:$Q,MATCH($C$3&$D58,'[1]2024'!$B:$B,0),MATCH(M$4,'[1]2024'!$2:$2,0)),0)++IFERROR(INDEX('[1]2024'!$A:$Q,MATCH($D$3&$D58,'[1]2024'!$B:$B,0),MATCH(M$4,'[1]2024'!$2:$2,0)),0) -> 0 | N58: =IFERROR(INDEX('[1]2024'!$A:$Q,MATCH($A$3&$D58,'[1]2024'!$B:$B,0),MATCH(N$4,'[1]2024'!$2:$2,0)),0)+IFERROR(INDEX('[1]2024'!$A:$Q,MATCH($B$3&$D58,'[1]2024'!$B:$B,0),MATCH(N$4,'[1]2024'!$2:$2,0)),0)++IFERROR(INDEX('[1]2024'!$A:$Q,MATCH($C$3&$D58,'[1]2024'!$B:$B,0),MATCH(N$4,'[1]2024'!$2:$2,0)),0)++IFERROR(INDEX('[1]2024'!$A:$Q,MATCH($D$3&$D58,'[1]2024'!$B:$B,0),MATCH(N$4,'[1]2024'!$2:$2,0)),0) -> 0 | O58: =IFERROR(INDEX('[1]2024'!$A:$Q,MATCH($A$3&$D58,'[1]2024'!$B:$B,0),MATCH(O$4,'[1]2024'!$2:$2,0)),0)+IFERROR(INDEX('[1]2024'!$A:$Q,MATCH($B$3&$D58,'[1]2024'!$B:$B,0),MATCH(O$4,'[1]2024'!$2:$2,0)),0)++IFERROR(INDEX('[1]2024'!$A:$Q,MATCH($C$3&$D58,'[1]2024'!$B:$B,0),MATCH(O$4,'[1]2024'!$2:$2,0)),0)++IFERROR(INDEX('[1]2024'!$A:$Q,MATCH($D$3&$D58,'[1]2024'!$B:$B,0),MATCH(O$4,'[1]2024'!$2:$2,0)),0) -> 0 | ... S58: =IFERROR(INDEX('[1]2024'!$A:$Q,MATCH($A$3&$D58,'[1]2024'!$B:$B,0),MATCH(S$4,'[1]2024'!$2:$2,0)),0)+IFERROR(INDEX('[1]2024'!$A:$Q,MATCH($B$3&$D58,'[1]2024'!$B:$B,0),MATCH(S$4,'[1]2024'!$2:$2,0)),0)++IFERROR(INDEX('[1]2024'!$A:$Q,MATCH($C$3&$D58,'[1]2024'!$B:$B,0),MATCH(S$4,'[1]2024'!$2:$2,0)),0)++IFERROR(INDEX('[1]2024'!$A:$Q,MATCH($D$3&$D58,'[1]2024'!$B:$B,0),MATCH(S$4,'[1]2024'!$2:$2,0)),0) -> 0 | T58: 0 | U58: =SUM(V58:AG58) -> 0 | V58: 0 | W58: 0 | X58: 0 | Y58: 0 | Z58: 0 | AA58: 0 | AB58: 0 | AC58: 0 | AD58: 0 | AE58: 0 | AF58: 0 | AG58: 0 | AH58: =송도공장장!AH58+제조팀!AH58+송도밸리데이션팀!AH58+송도생산지원팀!AH58+송도설비관리팀!AH58 -> 0 | AI58: =송도공장장!AI58+제조팀!AI58+송도밸리데이션팀!AI58+송도생산지원팀!AI58+송도설비관리팀!AI58 -> 0 | AJ58: =송도공장장!AJ58+제조팀!AJ58+송도밸리데이션팀!AJ58+송도생산지원팀!AJ58+송도설비관리팀!AJ58 -> 0 | AK58: =송도공장장!AK58+제조팀!AK58+송도밸리데이션팀!AK58+송도생산지원팀!AK58+송도설비관리팀!AK58 -> 0 | AL58: =송도공장장!AL58+제조팀!AL58+송도밸리데이션팀!AL58+송도생산지원팀!AL58+송도설비관리팀!AL58 -> 0 | AM58: =송도공장장!AM58+제조팀!AM58+송도밸리데이션팀!AM58+송도생산지원팀!AM58+송도설비관리팀!AM58 -> 0 | AN58: =송도공장장!AN58+제조팀!AN58+송도밸리데이션팀!AN58+송도생산지원팀!AN58+송도설비관리팀!AN58 -> 0 | AO58: =송도공장장!AO58+제조팀!AO58+송도밸리데이션팀!AO58+송도생산지원팀!AO58+송도설비관리팀!AO58 -> 0 | ... AT58: =송도공장장!AT58+제조팀!AT58+송도밸리데이션팀!AT58+송도생산지원팀!AT58+송도설비관리팀!AT58 -> 0 | AU58: =SUM(AI58:AK58) -> 0 | AV58: =SUM(AL58:AN58) -> 0 | AW58: =SUM(AO58:AQ58) -> 0 | AX58: =SUM(AR58:AT58) -> 0 | AY58: =IF($BC58="O",1.05*$AH58,$AH58) -> 0 | AZ58: =IF($BC58="O",1.05*$AY58,$AY58) -> 0 | BA58: =IF($BC58="O",1.05*$AZ58,$AZ58) -> 0 | BC58: O | BE58: 0 | BF58: 0 | BG58: 0 | BH58: =G58 -> 0
A59: 통신비-전화료(제조) | B59: 통신비(제조) | C59: 고정비 | D59: 5105111 | E59: BT331 | F59: 0 | G59: =SUM(H59:S59) -> 0 | H59: =IFERROR(INDEX('[1]2024'!$A:$Q,MATCH($A$3&$D59,'[1]2024'!$B:$B,0),MATCH(H$4,'[1]2024'!$2:$2,0)),0)+IFERROR(INDEX('[1]2024'!$A:$Q,MATCH($B$3&$D59,'[1]2024'!$B:$B,0),MATCH(H$4,'[1]2024'!$2:$2,0)),0)++IFERROR(INDEX('[1]2024'!$A:$Q,MATCH($C$3&$D59,'[1]2024'!$B:$B,0),MATCH(H$4,'[1]2024'!$2:$2,0)),0)++IFERROR(INDEX('[1]2024'!$A:$Q,MATCH($D$3&$D59,'[1]2024'!$B:$B,0),MATCH(H$4,'[1]2024'!$2:$2,0)),0) -> 0 | I59: =IFERROR(INDEX('[1]2024'!$A:$Q,MATCH($A$3&$D59,'[1]2024'!$B:$B,0),MATCH(I$4,'[1]2024'!$2:$2,0)),0)+IFERROR(INDEX('[1]2024'!$A:$Q,MATCH($B$3&$D59,'[1]2024'!$B:$B,0),MATCH(I$4,'[1]2024'!$2:$2,0)),0)++IFERROR(INDEX('[1]2024'!$A:$Q,MATCH($C$3&$D59,'[1]2024'!$B:$B,0),MATCH(I$4,'[1]2024'!$2:$2,0)),0)++IFERROR(INDEX('[1]2024'!$A:$Q,MATCH($D$3&$D59,'[1]2024'!$B:$B,0),MATCH(I$4,'[1]2024'!$2:$2,0)),0) -> 0 | J59: =IFERROR(INDEX('[1]2024'!$A:$Q,MATCH($A$3&$D59,'[1]2024'!$B:$B,0),MATCH(J$4,'[1]2024'!$2:$2,0)),0)+IFERROR(INDEX('[1]2024'!$A:$Q,MATCH($B$3&$D59,'[1]2024'!$B:$B,0),MATCH(J$4,'[1]2024'!$2:$2,0)),0)++IFERROR(INDEX('[1]2024'!$A:$Q,MATCH($C$3&$D59,'[1]2024'!$B:$B,0),MATCH(J$4,'[1]2024'!$2:$2,0)),0)++IFERROR(INDEX('[1]2024'!$A:$Q,MATCH($D$3&$D59,'[1]2024'!$B:$B,0),MATCH(J$4,'[1]2024'!$2:$2,0)),0) -> 0 | K59: =IFERROR(INDEX('[1]2024'!$A:$Q,MATCH($A$3&$D59,'[1]2024'!$B:$B,0),MATCH(K$4,'[1]2024'!$2:$2,0)),0)+IFERROR(INDEX('[1]2024'!$A:$Q,MATCH($B$3&$D59,'[1]2024'!$B:$B,0),MATCH(K$4,'[1]2024'!$2:$2,0)),0)++IFERROR(INDEX('[1]2024'!$A:$Q,MATCH($C$3&$D59,'[1]2024'!$B:$B,0),MATCH(K$4,'[1]2024'!$2:$2,0)),0)++IFERROR(INDEX('[1]2024'!$A:$Q,MATCH($D$3&$D59,'[1]2024'!$B:$B,0),MATCH(K$4,'[1]2024'!$2:$2,0)),0) -> 0 | L59: =IFERROR(INDEX('[1]2024'!$A:$Q,MATCH($A$3&$D59,'[1]2024'!$B:$B,0),MATCH(L$4,'[1]2024'!$2:$2,0)),0)+IFERROR(INDEX('[1]2024'!$A:$Q,MATCH($B$3&$D59,'[1]2024'!$B:$B,0),MATCH(L$4,'[1]2024'!$2:$2,0)),0)++IFERROR(INDEX('[1]2024'!$A:$Q,MATCH($C$3&$D59,'[1]2024'!$B:$B,0),MATCH(L$4,'[1]2024'!$2:$2,0)),0)++IFERROR(INDEX('[1]2024'!$A:$Q,MATCH($D$3&$D59,'[1]2024'!$B:$B,0),MATCH(L$4,'[1]2024'!$2:$2,0)),0) -> 0 | M59: =IFERROR(INDEX('[1]2024'!$A:$Q,MATCH($A$3&$D59,'[1]2024'!$B:$B,0),MATCH(M$4,'[1]2024'!$2:$2,0)),0)+IFERROR(INDEX('[1]2024'!$A:$Q,MATCH($B$3&$D59,'[1]2024'!$B:$B,0),MATCH(M$4,'[1]2024'!$2:$2,0)),0)++IFERROR(INDEX('[1]2024'!$A:$Q,MATCH($C$3&$D59,'[1]2024'!$B:$B,0),MATCH(M$4,'[1]2024'!$2:$2,0)),0)++IFERROR(INDEX('[1]2024'!$A:$Q,MATCH($D$3&$D59,'[1]2024'!$B:$B,0),MATCH(M$4,'[1]2024'!$2:$2,0)),0) -> 0 | N59: =IFERROR(INDEX('[1]2024'!$A:$Q,MATCH($A$3&$D59,'[1]2024'!$B:$B,0),MATCH(N$4,'[1]2024'!$2:$2,0)),0)+IFERROR(INDEX('[1]2024'!$A:$Q,MATCH($B$3&$D59,'[1]2024'!$B:$B,0),MATCH(N$4,'[1]2024'!$2:$2,0)),0)++IFERROR(INDEX('[1]2024'!$A:$Q,MATCH($C$3&$D59,'[1]2024'!$B:$B,0),MATCH(N$4,'[1]2024'!$2:$2,0)),0)++IFERROR(INDEX('[1]2024'!$A:$Q,MATCH($D$3&$D59,'[1]2024'!$B:$B,0),MATCH(N$4,'[1]2024'!$2:$2,0)),0) -> 0 | O59: =IFERROR(INDEX('[1]2024'!$A:$Q,MATCH($A$3&$D59,'[1]2024'!$B:$B,0),MATCH(O$4,'[1]2024'!$2:$2,0)),0)+IFERROR(INDEX('[1]2024'!$A:$Q,MATCH($B$3&$D59,'[1]2024'!$B:$B,0),MATCH(O$4,'[1]2024'!$2:$2,0)),0)++IFERROR(INDEX('[1]2024'!$A:$Q,MATCH($C$3&$D59,'[1]2024'!$B:$B,0),MATCH(O$4,'[1]2024'!$2:$2,0)),0)++IFERROR(INDEX('[1]2024'!$A:$Q,MATCH($D$3&$D59,'[1]2024'!$B:$B,0),MATCH(O$4,'[1]2024'!$2:$2,0)),0) -> 0 | ... S59: =IFERROR(INDEX('[1]2024'!$A:$Q,MATCH($A$3&$D59,'[1]2024'!$B:$B,0),MATCH(S$4,'[1]2024'!$2:$2,0)),0)+IFERROR(INDEX('[1]2024'!$A:$Q,MATCH($B$3&$D59,'[1]2024'!$B:$B,0),MATCH(S$4,'[1]2024'!$2:$2,0)),0)++IFERROR(INDEX('[1]2024'!$A:$Q,MATCH($C$3&$D59,'[1]2024'!$B:$B,0),MATCH(S$4,'[1]2024'!$2:$2,0)),0)++IFERROR(INDEX('[1]2024'!$A:$Q,MATCH($D$3&$D59,'[1]2024'!$B:$B,0),MATCH(S$4,'[1]2024'!$2:$2,0)),0) -> 0 | T59: 0 | U59: =SUM(V59:AG59) -> 0 | V59: 0 | W59: 0 | X59: 0 | Y59: 0 | Z59: 0 | AA59: 0 | AB59: 0 | AC59: 0 | AD59: 0 | AE59: 0 | AF59: 0 | AG59: 0 | AH59: =송도공장장!AH59+제조팀!AH59+송도밸리데이션팀!AH59+송도생산지원팀!AH59+송도설비관리팀!AH59 -> 3600000 | AI59: =송도공장장!AI59+제조팀!AI59+송도밸리데이션팀!AI59+송도생산지원팀!AI59+송도설비관리팀!AI59 -> 300000 | AJ59: =송도공장장!AJ59+제조팀!AJ59+송도밸리데이션팀!AJ59+송도생산지원팀!AJ59+송도설비관리팀!AJ59 -> 300000 | AK59: =송도공장장!AK59+제조팀!AK59+송도밸리데이션팀!AK59+송도생산지원팀!AK59+송도설비관리팀!AK59 -> 300000 | AL59: =송도공장장!AL59+제조팀!AL59+송도밸리데이션팀!AL59+송도생산지원팀!AL59+송도설비관리팀!AL59 -> 300000 | AM59: =송도공장장!AM59+제조팀!AM59+송도밸리데이션팀!AM59+송도생산지원팀!AM59+송도설비관리팀!AM59 -> 300000 | AN59: =송도공장장!AN59+제조팀!AN59+송도밸리데이션팀!AN59+송도생산지원팀!AN59+송도설비관리팀!AN59 -> 300000 | AO59: =송도공장장!AO59+제조팀!AO59+송도밸리데이션팀!AO59+송도생산지원팀!AO59+송도설비관리팀!AO59 -> 300000 | ... AT59: =송도공장장!AT59+제조팀!AT59+송도밸리데이션팀!AT59+송도생산지원팀!AT59+송도설비관리팀!AT59 -> 300000 | AU59: =SUM(AI59:AK59) -> 900000 | AV59: =SUM(AL59:AN59) -> 900000 | AW59: =SUM(AO59:AQ59) -> 900000 | AX59: =SUM(AR59:AT59) -> 900000 | AY59: =IF($BC59="O",1.05*$AH59,$AH59) -> 3780000 | AZ59: =IF($BC59="O",1.05*$AY59,$AY59) -> 3969000 | BA59: =IF($BC59="O",1.05*$AZ59,$AZ59) -> 4167450 | BC59: O | BE59: 0 | BF59: 0 | BG59: 0 | BH59: =G59 -> 0
A60: 4.수도광열비 | B60: - | F60: 0 | G60: =SUM(G61:G67) -> 0 | H60: =SUM(H61:H67) -> 0 | I60: =SUM(I61:I67) -> 0 | J60: =SUM(J61:J67) -> 0 | K60: =SUM(K61:K67) -> 0 | L60: =SUM(L61:L67) -> 0 | M60: =SUM(M61:M67) -> 0 | N60: =SUM(N61:N67) -> 0 | ... S60: =SUM(S61:S67) -> 0 | T60: 0 | U60: =SUM(U61:U67) -> 0 | V60: =SUM(V61:V67) -> 0 | W60: =SUM(W61:W67) -> 0 | X60: =SUM(X61:X67) -> 0 | Y60: =SUM(Y61:Y67) -> 0 | Z60: =SUM(Z61:Z67) -> 0 | AA60: 0 | AB60: 0 | AC60: 0 | AD60: 0 | AE60: 0 | AF60: 0 | AG60: 0 | AH60: =SUM(AH61:AH67) -> 3410000000 | AI60: =SUM(AI61:AI67) -> 275000000 | AJ60: =SUM(AJ61:AJ67) -> 275000000 | AK60: =SUM(AK61:AK67) -> 275000000 | AL60: =SUM(AL61:AL67) -> 270000000 | AM60: =SUM(AM61:AM67) -> 270000000 | AN60: =SUM(AN61:AN67) -> 300000000 | AO60: =SUM(AO61:AO67) -> 300000000 | ... AT60: =SUM(AT61:AT67) -> 305000000 | AU60: =SUM(AI60:AK60) -> 825000000 | AV60: =SUM(AL60:AN60) -> 840000000 | AW60: =SUM(AO60:AQ60) -> 870000000 | AX60: =SUM(AR60:AT60) -> 875000000 | AY60: =SUM(AY61:AY67) -> 3580500000 | AZ60: =SUM(AZ61:AZ67) -> 3759525000 | BA60: =SUM(BA61:BA67) -> 3947501250 | BE60: =SUM(BE61:BE67) -> 0 | BF60: 0 | BG60: 0 | BH60: =G60 -> 0
A61: 수도광열비-수도료(제조) | B61: 수도광열비(제조) | C61: 변동비 | D61: 5106110 | E61: BT146 | F61: 0 | G61: =SUM(H61:S61) -> 0 | H61: =IFERROR(INDEX('[1]2024'!$A:$Q,MATCH($A$3&$D61,'[1]2024'!$B:$B,0),MATCH(H$4,'[1]2024'!$2:$2,0)),0)+IFERROR(INDEX('[1]2024'!$A:$Q,MATCH($B$3&$D61,'[1]2024'!$B:$B,0),MATCH(H$4,'[1]2024'!$2:$2,0)),0)++IFERROR(INDEX('[1]2024'!$A:$Q,MATCH($C$3&$D61,'[1]2024'!$B:$B,0),MATCH(H$4,'[1]2024'!$2:$2,0)),0)++IFERROR(INDEX('[1]2024'!$A:$Q,MATCH($D$3&$D61,'[1]2024'!$B:$B,0),MATCH(H$4,'[1]2024'!$2:$2,0)),0) -> 0 | I61: =IFERROR(INDEX('[1]2024'!$A:$Q,MATCH($A$3&$D61,'[1]2024'!$B:$B,0),MATCH(I$4,'[1]2024'!$2:$2,0)),0)+IFERROR(INDEX('[1]2024'!$A:$Q,MATCH($B$3&$D61,'[1]2024'!$B:$B,0),MATCH(I$4,'[1]2024'!$2:$2,0)),0)++IFERROR(INDEX('[1]2024'!$A:$Q,MATCH($C$3&$D61,'[1]2024'!$B:$B,0),MATCH(I$4,'[1]2024'!$2:$2,0)),0)++IFERROR(INDEX('[1]2024'!$A:$Q,MATCH($D$3&$D61,'[1]2024'!$B:$B,0),MATCH(I$4,'[1]2024'!$2:$2,0)),0) -> 0 | J61: =IFERROR(INDEX('[1]2024'!$A:$Q,MATCH($A$3&$D61,'[1]2024'!$B:$B,0),MATCH(J$4,'[1]2024'!$2:$2,0)),0)+IFERROR(INDEX('[1]2024'!$A:$Q,MATCH($B$3&$D61,'[1]2024'!$B:$B,0),MATCH(J$4,'[1]2024'!$2:$2,0)),0)++IFERROR(INDEX('[1]2024'!$A:$Q,MATCH($C$3&$D61,'[1]2024'!$B:$B,0),MATCH(J$4,'[1]2024'!$2:$2,0)),0)++IFERROR(INDEX('[1]2024'!$A:$Q,MATCH($D$3&$D61,'[1]2024'!$B:$B,0),MATCH(J$4,'[1]2024'!$2:$2,0)),0) -> 0 | K61: =IFERROR(INDEX('[1]2024'!$A:$Q,MATCH($A$3&$D61,'[1]2024'!$B:$B,0),MATCH(K$4,'[1]2024'!$2:$2,0)),0)+IFERROR(INDEX('[1]2024'!$A:$Q,MATCH($B$3&$D61,'[1]2024'!$B:$B,0),MATCH(K$4,'[1]2024'!$2:$2,0)),0)++IFERROR(INDEX('[1]2024'!$A:$Q,MATCH($C$3&$D61,'[1]2024'!$B:$B,0),MATCH(K$4,'[1]2024'!$2:$2,0)),0)++IFERROR(INDEX('[1]2024'!$A:$Q,MATCH($D$3&$D61,'[1]2024'!$B:$B,0),MATCH(K$4,'[1]2024'!$2:$2,0)),0) -> 0 | L61: =IFERROR(INDEX('[1]2024'!$A:$Q,MATCH($A$3&$D61,'[1]2024'!$B:$B,0),MATCH(L$4,'[1]2024'!$2:$2,0)),0)+IFERROR(INDEX('[1]2024'!$A:$Q,MATCH($B$3&$D61,'[1]2024'!$B:$B,0),MATCH(L$4,'[1]2024'!$2:$2,0)),0)++IFERROR(INDEX('[1]2024'!$A:$Q,MATCH($C$3&$D61,'[1]2024'!$B:$B,0),MATCH(L$4,'[1]2024'!$2:$2,0)),0)++IFERROR(INDEX('[1]2024'!$A:$Q,MATCH($D$3&$D61,'[1]2024'!$B:$B,0),MATCH(L$4,'[1]2024'!$2:$2,0)),0) -> 0 | M61: =IFERROR(INDEX('[1]2024'!$A:$Q,MATCH($A$3&$D61,'[1]2024'!$B:$B,0),MATCH(M$4,'[1]2024'!$2:$2,0)),0)+IFERROR(INDEX('[1]2024'!$A:$Q,MATCH($B$3&$D61,'[1]2024'!$B:$B,0),MATCH(M$4,'[1]2024'!$2:$2,0)),0)++IFERROR(INDEX('[1]2024'!$A:$Q,MATCH($C$3&$D61,'[1]2024'!$B:$B,0),MATCH(M$4,'[1]2024'!$2:$2,0)),0)++IFERROR(INDEX('[1]2024'!$A:$Q,MATCH($D$3&$D61,'[1]2024'!$B:$B,0),MATCH(M$4,'[1]2024'!$2:$2,0)),0) -> 0 | N61: =IFERROR(INDEX('[1]2024'!$A:$Q,MATCH($A$3&$D61,'[1]2024'!$B:$B,0),MATCH(N$4,'[1]2024'!$2:$2,0)),0)+IFERROR(INDEX('[1]2024'!$A:$Q,MATCH($B$3&$D61,'[1]2024'!$B:$B,0),MATCH(N$4,'[1]2024'!$2:$2,0)),0)++IFERROR(INDEX('[1]2024'!$A:$Q,MATCH($C$3&$D61,'[1]2024'!$B:$B,0),MATCH(N$4,'[1]2024'!$2:$2,0)),0)++IFERROR(INDEX('[1]2024'!$A:$Q,MATCH($D$3&$D61,'[1]2024'!$B:$B,0),MATCH(N$4,'[1]2024'!$2:$2,0)),0) -> 0 | O61: =IFERROR(INDEX('[1]2024'!$A:$Q,MATCH($A$3&$D61,'[1]2024'!$B:$B,0),MATCH(O$4,'[1]2024'!$2:$2,0)),0)+IFERROR(INDEX('[1]2024'!$A:$Q,MATCH($B$3&$D61,'[1]2024'!$B:$B,0),MATCH(O$4,'[1]2024'!$2:$2,0)),0)++IFERROR(INDEX('[1]2024'!$A:$Q,MATCH($C$3&$D61,'[1]2024'!$B:$B,0),MATCH(O$4,'[1]2024'!$2:$2,0)),0)++IFERROR(INDEX('[1]2024'!$A:$Q,MATCH($D$3&$D61,'[1]2024'!$B:$B,0),MATCH(O$4,'[1]2024'!$2:$2,0)),0) -> 0 | ... S61: =IFERROR(INDEX('[1]2024'!$A:$Q,MATCH($A$3&$D61,'[1]2024'!$B:$B,0),MATCH(S$4,'[1]2024'!$2:$2,0)),0)+IFERROR(INDEX('[1]2024'!$A:$Q,MATCH($B$3&$D61,'[1]2024'!$B:$B,0),MATCH(S$4,'[1]2024'!$2:$2,0)),0)++IFERROR(INDEX('[1]2024'!$A:$Q,MATCH($C$3&$D61,'[1]2024'!$B:$B,0),MATCH(S$4,'[1]2024'!$2:$2,0)),0)++IFERROR(INDEX('[1]2024'!$A:$Q,MATCH($D$3&$D61,'[1]2024'!$B:$B,0),MATCH(S$4,'[1]2024'!$2:$2,0)),0) -> 0 | T61: 0 | U61: =SUM(V61:AG61) -> 0 | V61: 0 | W61: 0 | X61: 0 | Y61: 0 | Z61: 0 | AA61: 0 | AB61: 0 | AC61: 0 | AD61: 0 | AE61: 0 | AF61: 0 | AG61: 0 | AH61: =송도공장장!AH61+제조팀!AH61+송도밸리데이션팀!AH61+송도생산지원팀!AH61+송도설비관리팀!AH61 -> 210000000 | AI61: =송도공장장!AI61+제조팀!AI61+송도밸리데이션팀!AI61+송도생산지원팀!AI61+송도설비관리팀!AI61 -> 15000000 | AJ61: =송도공장장!AJ61+제조팀!AJ61+송도밸리데이션팀!AJ61+송도생산지원팀!AJ61+송도설비관리팀!AJ61 -> 15000000 | AK61: =송도공장장!AK61+제조팀!AK61+송도밸리데이션팀!AK61+송도생산지원팀!AK61+송도설비관리팀!AK61 -> 15000000 | AL61: =송도공장장!AL61+제조팀!AL61+송도밸리데이션팀!AL61+송도생산지원팀!AL61+송도설비관리팀!AL61 -> 20000000 | AM61: =송도공장장!AM61+제조팀!AM61+송도밸리데이션팀!AM61+송도생산지원팀!AM61+송도설비관리팀!AM61 -> 20000000 | AN61: =송도공장장!AN61+제조팀!AN61+송도밸리데이션팀!AN61+송도생산지원팀!AN61+송도설비관리팀!AN61 -> 20000000 | AO61: =송도공장장!AO61+제조팀!AO61+송도밸리데이션팀!AO61+송도생산지원팀!AO61+송도설비관리팀!AO61 -> 20000000 | ... AT61: =송도공장장!AT61+제조팀!AT61+송도밸리데이션팀!AT61+송도생산지원팀!AT61+송도설비관리팀!AT61 -> 15000000 | AU61: =SUM(AI61:AK61) -> 45000000 | AV61: =SUM(AL61:AN61) -> 60000000 | AW61: =SUM(AO61:AQ61) -> 60000000 | AX61: =SUM(AR61:AT61) -> 45000000 | AY61: =IF($BC61="O",1.05*$AH61,$AH61) -> 220500000 | AZ61: =IF($BC61="O",1.05*$AY61,$AY61) -> 231525000 | BA61: =IF($BC61="O",1.05*$AZ61,$AZ61) -> 243101250 | BC61: O | BE61: 0 | BF61: 0 | BG61: 0 | BH61: =G61 -> 0
A62: 수도광열비-점등료(제조) | B62: 수도광열비(제조) | C62: 고정비 | D62: 5106120 | E62: BT146 | F62: 0 | G62: =SUM(H62:S62) -> 0 | H62: =IFERROR(INDEX('[1]2024'!$A:$Q,MATCH($A$3&$D62,'[1]2024'!$B:$B,0),MATCH(H$4,'[1]2024'!$2:$2,0)),0)+IFERROR(INDEX('[1]2024'!$A:$Q,MATCH($B$3&$D62,'[1]2024'!$B:$B,0),MATCH(H$4,'[1]2024'!$2:$2,0)),0)++IFERROR(INDEX('[1]2024'!$A:$Q,MATCH($C$3&$D62,'[1]2024'!$B:$B,0),MATCH(H$4,'[1]2024'!$2:$2,0)),0)++IFERROR(INDEX('[1]2024'!$A:$Q,MATCH($D$3&$D62,'[1]2024'!$B:$B,0),MATCH(H$4,'[1]2024'!$2:$2,0)),0) -> 0 | I62: =IFERROR(INDEX('[1]2024'!$A:$Q,MATCH($A$3&$D62,'[1]2024'!$B:$B,0),MATCH(I$4,'[1]2024'!$2:$2,0)),0)+IFERROR(INDEX('[1]2024'!$A:$Q,MATCH($B$3&$D62,'[1]2024'!$B:$B,0),MATCH(I$4,'[1]2024'!$2:$2,0)),0)++IFERROR(INDEX('[1]2024'!$A:$Q,MATCH($C$3&$D62,'[1]2024'!$B:$B,0),MATCH(I$4,'[1]2024'!$2:$2,0)),0)++IFERROR(INDEX('[1]2024'!$A:$Q,MATCH($D$3&$D62,'[1]2024'!$B:$B,0),MATCH(I$4,'[1]2024'!$2:$2,0)),0) -> 0 | J62: =IFERROR(INDEX('[1]2024'!$A:$Q,MATCH($A$3&$D62,'[1]2024'!$B:$B,0),MATCH(J$4,'[1]2024'!$2:$2,0)),0)+IFERROR(INDEX('[1]2024'!$A:$Q,MATCH($B$3&$D62,'[1]2024'!$B:$B,0),MATCH(J$4,'[1]2024'!$2:$2,0)),0)++IFERROR(INDEX('[1]2024'!$A:$Q,MATCH($C$3&$D62,'[1]2024'!$B:$B,0),MATCH(J$4,'[1]2024'!$2:$2,0)),0)++IFERROR(INDEX('[1]2024'!$A:$Q,MATCH($D$3&$D62,'[1]2024'!$B:$B,0),MATCH(J$4,'[1]2024'!$2:$2,0)),0) -> 0 | K62: =IFERROR(INDEX('[1]2024'!$A:$Q,MATCH($A$3&$D62,'[1]2024'!$B:$B,0),MATCH(K$4,'[1]2024'!$2:$2,0)),0)+IFERROR(INDEX('[1]2024'!$A:$Q,MATCH($B$3&$D62,'[1]2024'!$B:$B,0),MATCH(K$4,'[1]2024'!$2:$2,0)),0)++IFERROR(INDEX('[1]2024'!$A:$Q,MATCH($C$3&$D62,'[1]2024'!$B:$B,0),MATCH(K$4,'[1]2024'!$2:$2,0)),0)++IFERROR(INDEX('[1]2024'!$A:$Q,MATCH($D$3&$D62,'[1]2024'!$B:$B,0),MATCH(K$4,'[1]2024'!$2:$2,0)),0) -> 0 | L62: =IFERROR(INDEX('[1]2024'!$A:$Q,MATCH($A$3&$D62,'[1]2024'!$B:$B,0),MATCH(L$4,'[1]2024'!$2:$2,0)),0)+IFERROR(INDEX('[1]2024'!$A:$Q,MATCH($B$3&$D62,'[1]2024'!$B:$B,0),MATCH(L$4,'[1]2024'!$2:$2,0)),0)++IFERROR(INDEX('[1]2024'!$A:$Q,MATCH($C$3&$D62,'[1]2024'!$B:$B,0),MATCH(L$4,'[1]2024'!$2:$2,0)),0)++IFERROR(INDEX('[1]2024'!$A:$Q,MATCH($D$3&$D62,'[1]2024'!$B:$B,0),MATCH(L$4,'[1]2024'!$2:$2,0)),0) -> 0 | M62: =IFERROR(INDEX('[1]2024'!$A:$Q,MATCH($A$3&$D62,'[1]2024'!$B:$B,0),MATCH(M$4,'[1]2024'!$2:$2,0)),0)+IFERROR(INDEX('[1]2024'!$A:$Q,MATCH($B$3&$D62,'[1]2024'!$B:$B,0),MATCH(M$4,'[1]2024'!$2:$2,0)),0)++IFERROR(INDEX('[1]2024'!$A:$Q,MATCH($C$3&$D62,'[1]2024'!$B:$B,0),MATCH(M$4,'[1]2024'!$2:$2,0)),0)++IFERROR(INDEX('[1]2024'!$A:$Q,MATCH($D$3&$D62,'[1]2024'!$B:$B,0),MATCH(M$4,'[1]2024'!$2:$2,0)),0) -> 0 | N62: =IFERROR(INDEX('[1]2024'!$A:$Q,MATCH($A$3&$D62,'[1]2024'!$B:$B,0),MATCH(N$4,'[1]2024'!$2:$2,0)),0)+IFERROR(INDEX('[1]2024'!$A:$Q,MATCH($B$3&$D62,'[1]2024'!$B:$B,0),MATCH(N$4,'[1]2024'!$2:$2,0)),0)++IFERROR(INDEX('[1]2024'!$A:$Q,MATCH($C$3&$D62,'[1]2024'!$B:$B,0),MATCH(N$4,'[1]2024'!$2:$2,0)),0)++IFERROR(INDEX('[1]2024'!$A:$Q,MATCH($D$3&$D62,'[1]2024'!$B:$B,0),MATCH(N$4,'[1]2024'!$2:$2,0)),0) -> 0 | O62: =IFERROR(INDEX('[1]2024'!$A:$Q,MATCH($A$3&$D62,'[1]2024'!$B:$B,0),MATCH(O$4,'[1]2024'!$2:$2,0)),0)+IFERROR(INDEX('[1]2024'!$A:$Q,MATCH($B$3&$D62,'[1]2024'!$B:$B,0),MATCH(O$4,'[1]2024'!$2:$2,0)),0)++IFERROR(INDEX('[1]2024'!$A:$Q,MATCH($C$3&$D62,'[1]2024'!$B:$B,0),MATCH(O$4,'[1]2024'!$2:$2,0)),0)++IFERROR(INDEX('[1]2024'!$A:$Q,MATCH($D$3&$D62,'[1]2024'!$B:$B,0),MATCH(O$4,'[1]2024'!$2:$2,0)),0) -> 0 | ... S62: =IFERROR(INDEX('[1]2024'!$A:$Q,MATCH($A$3&$D62,'[1]2024'!$B:$B,0),MATCH(S$4,'[1]2024'!$2:$2,0)),0)+IFERROR(INDEX('[1]2024'!$A:$Q,MATCH($B$3&$D62,'[1]2024'!$B:$B,0),MATCH(S$4,'[1]2024'!$2:$2,0)),0)++IFERROR(INDEX('[1]2024'!$A:$Q,MATCH($C$3&$D62,'[1]2024'!$B:$B,0),MATCH(S$4,'[1]2024'!$2:$2,0)),0)++IFERROR(INDEX('[1]2024'!$A:$Q,MATCH($D$3&$D62,'[1]2024'!$B:$B,0),MATCH(S$4,'[1]2024'!$2:$2,0)),0) -> 0 | T62: 0 | U62: =SUM(V62:AG62) -> 0 | V62: 0 | W62: 0 | X62: 0 | Y62: 0 | Z62: 0 | AA62: 0 | AB62: 0 | AC62: 0 | AD62: 0 | AE62: 0 | AF62: 0 | AG62: 0 | AH62: =송도공장장!AH62+제조팀!AH62+송도밸리데이션팀!AH62+송도생산지원팀!AH62+송도설비관리팀!AH62 -> 0 | AI62: =송도공장장!AI62+제조팀!AI62+송도밸리데이션팀!AI62+송도생산지원팀!AI62+송도설비관리팀!AI62 -> 0 | AJ62: =송도공장장!AJ62+제조팀!AJ62+송도밸리데이션팀!AJ62+송도생산지원팀!AJ62+송도설비관리팀!AJ62 -> 0 | AK62: =송도공장장!AK62+제조팀!AK62+송도밸리데이션팀!AK62+송도생산지원팀!AK62+송도설비관리팀!AK62 -> 0 | AL62: =송도공장장!AL62+제조팀!AL62+송도밸리데이션팀!AL62+송도생산지원팀!AL62+송도설비관리팀!AL62 -> 0 | AM62: =송도공장장!AM62+제조팀!AM62+송도밸리데이션팀!AM62+송도생산지원팀!AM62+송도설비관리팀!AM62 -> 0 | AN62: =송도공장장!AN62+제조팀!AN62+송도밸리데이션팀!AN62+송도생산지원팀!AN62+송도설비관리팀!AN62 -> 0 | AO62: =송도공장장!AO62+제조팀!AO62+송도밸리데이션팀!AO62+송도생산지원팀!AO62+송도설비관리팀!AO62 -> 0 | ... AT62: =송도공장장!AT62+제조팀!AT62+송도밸리데이션팀!AT62+송도생산지원팀!AT62+송도설비관리팀!AT62 -> 0 | AU62: =SUM(AI62:AK62) -> 0 | AV62: =SUM(AL62:AN62) -> 0 | AW62: =SUM(AO62:AQ62) -> 0 | AX62: =SUM(AR62:AT62) -> 0 | AY62: =IF($BC62="O",1.05*$AH62,$AH62) -> 0 | AZ62: =IF($BC62="O",1.05*$AY62,$AY62) -> 0 | BA62: =IF($BC62="O",1.05*$AZ62,$AZ62) -> 0 | BC62: O | BE62: 0 | BF62: 0 | BG62: 0 | BH62: =G62 -> 0
A63: 수도광열비-전력료(제조) | B63: 수도광열비(제조) | C63: 변동비 | D63: 5106130 | E63: BT146 | F63: 0 | G63: =SUM(H63:S63) -> 0 | H63: =IFERROR(INDEX('[1]2024'!$A:$Q,MATCH($A$3&$D63,'[1]2024'!$B:$B,0),MATCH(H$4,'[1]2024'!$2:$2,0)),0)+IFERROR(INDEX('[1]2024'!$A:$Q,MATCH($B$3&$D63,'[1]2024'!$B:$B,0),MATCH(H$4,'[1]2024'!$2:$2,0)),0)++IFERROR(INDEX('[1]2024'!$A:$Q,MATCH($C$3&$D63,'[1]2024'!$B:$B,0),MATCH(H$4,'[1]2024'!$2:$2,0)),0)++IFERROR(INDEX('[1]2024'!$A:$Q,MATCH($D$3&$D63,'[1]2024'!$B:$B,0),MATCH(H$4,'[1]2024'!$2:$2,0)),0) -> 0 | I63: =IFERROR(INDEX('[1]2024'!$A:$Q,MATCH($A$3&$D63,'[1]2024'!$B:$B,0),MATCH(I$4,'[1]2024'!$2:$2,0)),0)+IFERROR(INDEX('[1]2024'!$A:$Q,MATCH($B$3&$D63,'[1]2024'!$B:$B,0),MATCH(I$4,'[1]2024'!$2:$2,0)),0)++IFERROR(INDEX('[1]2024'!$A:$Q,MATCH($C$3&$D63,'[1]2024'!$B:$B,0),MATCH(I$4,'[1]2024'!$2:$2,0)),0)++IFERROR(INDEX('[1]2024'!$A:$Q,MATCH($D$3&$D63,'[1]2024'!$B:$B,0),MATCH(I$4,'[1]2024'!$2:$2,0)),0) -> 0 | J63: =IFERROR(INDEX('[1]2024'!$A:$Q,MATCH($A$3&$D63,'[1]2024'!$B:$B,0),MATCH(J$4,'[1]2024'!$2:$2,0)),0)+IFERROR(INDEX('[1]2024'!$A:$Q,MATCH($B$3&$D63,'[1]2024'!$B:$B,0),MATCH(J$4,'[1]2024'!$2:$2,0)),0)++IFERROR(INDEX('[1]2024'!$A:$Q,MATCH($C$3&$D63,'[1]2024'!$B:$B,0),MATCH(J$4,'[1]2024'!$2:$2,0)),0)++IFERROR(INDEX('[1]2024'!$A:$Q,MATCH($D$3&$D63,'[1]2024'!$B:$B,0),MATCH(J$4,'[1]2024'!$2:$2,0)),0) -> 0 | K63: =IFERROR(INDEX('[1]2024'!$A:$Q,MATCH($A$3&$D63,'[1]2024'!$B:$B,0),MATCH(K$4,'[1]2024'!$2:$2,0)),0)+IFERROR(INDEX('[1]2024'!$A:$Q,MATCH($B$3&$D63,'[1]2024'!$B:$B,0),MATCH(K$4,'[1]2024'!$2:$2,0)),0)++IFERROR(INDEX('[1]2024'!$A:$Q,MATCH($C$3&$D63,'[1]2024'!$B:$B,0),MATCH(K$4,'[1]2024'!$2:$2,0)),0)++IFERROR(INDEX('[1]2024'!$A:$Q,MATCH($D$3&$D63,'[1]2024'!$B:$B,0),MATCH(K$4,'[1]2024'!$2:$2,0)),0) -> 0 | L63: =IFERROR(INDEX('[1]2024'!$A:$Q,MATCH($A$3&$D63,'[1]2024'!$B:$B,0),MATCH(L$4,'[1]2024'!$2:$2,0)),0)+IFERROR(INDEX('[1]2024'!$A:$Q,MATCH($B$3&$D63,'[1]2024'!$B:$B,0),MATCH(L$4,'[1]2024'!$2:$2,0)),0)++IFERROR(INDEX('[1]2024'!$A:$Q,MATCH($C$3&$D63,'[1]2024'!$B:$B,0),MATCH(L$4,'[1]2024'!$2:$2,0)),0)++IFERROR(INDEX('[1]2024'!$A:$Q,MATCH($D$3&$D63,'[1]2024'!$B:$B,0),MATCH(L$4,'[1]2024'!$2:$2,0)),0) -> 0 | M63: =IFERROR(INDEX('[1]2024'!$A:$Q,MATCH($A$3&$D63,'[1]2024'!$B:$B,0),MATCH(M$4,'[1]2024'!$2:$2,0)),0)+IFERROR(INDEX('[1]2024'!$A:$Q,MATCH($B$3&$D63,'[1]2024'!$B:$B,0),MATCH(M$4,'[1]2024'!$2:$2,0)),0)++IFERROR(INDEX('[1]2024'!$A:$Q,MATCH($C$3&$D63,'[1]2024'!$B:$B,0),MATCH(M$4,'[1]2024'!$2:$2,0)),0)++IFERROR(INDEX('[1]2024'!$A:$Q,MATCH($D$3&$D63,'[1]2024'!$B:$B,0),MATCH(M$4,'[1]2024'!$2:$2,0)),0) -> 0 | N63: =IFERROR(INDEX('[1]2024'!$A:$Q,MATCH($A$3&$D63,'[1]2024'!$B:$B,0),MATCH(N$4,'[1]2024'!$2:$2,0)),0)+IFERROR(INDEX('[1]2024'!$A:$Q,MATCH($B$3&$D63,'[1]2024'!$B:$B,0),MATCH(N$4,'[1]2024'!$2:$2,0)),0)++IFERROR(INDEX('[1]2024'!$A:$Q,MATCH($C$3&$D63,'[1]2024'!$B:$B,0),MATCH(N$4,'[1]2024'!$2:$2,0)),0)++IFERROR(INDEX('[1]2024'!$A:$Q,MATCH($D$3&$D63,'[1]2024'!$B:$B,0),MATCH(N$4,'[1]2024'!$2:$2,0)),0) -> 0 | O63: =IFERROR(INDEX('[1]2024'!$A:$Q,MATCH($A$3&$D63,'[1]2024'!$B:$B,0),MATCH(O$4,'[1]2024'!$2:$2,0)),0)+IFERROR(INDEX('[1]2024'!$A:$Q,MATCH($B$3&$D63,'[1]2024'!$B:$B,0),MATCH(O$4,'[1]2024'!$2:$2,0)),0)++IFERROR(INDEX('[1]2024'!$A:$Q,MATCH($C$3&$D63,'[1]2024'!$B:$B,0),MATCH(O$4,'[1]2024'!$2:$2,0)),0)++IFERROR(INDEX('[1]2024'!$A:$Q,MATCH($D$3&$D63,'[1]2024'!$B:$B,0),MATCH(O$4,'[1]2024'!$2:$2,0)),0) -> 0 | ... S63: =IFERROR(INDEX('[1]2024'!$A:$Q,MATCH($A$3&$D63,'[1]2024'!$B:$B,0),MATCH(S$4,'[1]2024'!$2:$2,0)),0)+IFERROR(INDEX('[1]2024'!$A:$Q,MATCH($B$3&$D63,'[1]2024'!$B:$B,0),MATCH(S$4,'[1]2024'!$2:$2,0)),0)++IFERROR(INDEX('[1]2024'!$A:$Q,MATCH($C$3&$D63,'[1]2024'!$B:$B,0),MATCH(S$4,'[1]2024'!$2:$2,0)),0)++IFERROR(INDEX('[1]2024'!$A:$Q,MATCH($D$3&$D63,'[1]2024'!$B:$B,0),MATCH(S$4,'[1]2024'!$2:$2,0)),0) -> 0 | T63: 0 | U63: =SUM(V63:AG63) -> 0 | V63: 0 | W63: 0 | X63: 0 | Y63: 0 | Z63: 0 | AA63: 0 | AB63: 0 | AC63: 0 | AD63: 0 | AE63: 0 | AF63: 0 | AG63: 0 | AH63: =송도공장장!AH63+제조팀!AH63+송도밸리데이션팀!AH63+송도생산지원팀!AH63+송도설비관리팀!AH63 -> 2070000000 | AI63: =송도공장장!AI63+제조팀!AI63+송도밸리데이션팀!AI63+송도생산지원팀!AI63+송도설비관리팀!AI63 -> 160000000 | AJ63: =송도공장장!AJ63+제조팀!AJ63+송도밸리데이션팀!AJ63+송도생산지원팀!AJ63+송도설비관리팀!AJ63 -> 160000000 | AK63: =송도공장장!AK63+제조팀!AK63+송도밸리데이션팀!AK63+송도생산지원팀!AK63+송도설비관리팀!AK63 -> 160000000 | AL63: =송도공장장!AL63+제조팀!AL63+송도밸리데이션팀!AL63+송도생산지원팀!AL63+송도설비관리팀!AL63 -> 160000000 | AM63: =송도공장장!AM63+제조팀!AM63+송도밸리데이션팀!AM63+송도생산지원팀!AM63+송도설비관리팀!AM63 -> 160000000 | AN63: =송도공장장!AN63+제조팀!AN63+송도밸리데이션팀!AN63+송도생산지원팀!AN63+송도설비관리팀!AN63 -> 190000000 | AO63: =송도공장장!AO63+제조팀!AO63+송도밸리데이션팀!AO63+송도생산지원팀!AO63+송도설비관리팀!AO63 -> 190000000 | ... AT63: =송도공장장!AT63+제조팀!AT63+송도밸리데이션팀!AT63+송도생산지원팀!AT63+송도설비관리팀!AT63 -> 190000000 | AU63: =SUM(AI63:AK63) -> 480000000 | AV63: =SUM(AL63:AN63) -> 510000000 | AW63: =SUM(AO63:AQ63) -> 540000000 | AX63: =SUM(AR63:AT63) -> 540000000 | AY63: =IF($BC63="O",1.05*$AH63,$AH63) -> 2173500000 | AZ63: =IF($BC63="O",1.05*$AY63,$AY63) -> 2282175000 | BA63: =IF($BC63="O",1.05*$AZ63,$AZ63) -> 2396283750 | BC63: O | BE63: 0 | BF63: 0 | BG63: 0 | BH63: =G63 -> 0
A64: 수도광열비-난방비(제조) | B64: - | C64: 변동비 | D64: 5106140 | E64: BT146 | F64: 0 | G64: =SUM(H64:S64) -> 0 | H64: =IFERROR(INDEX('[1]2024'!$A:$Q,MATCH($A$3&$D64,'[1]2024'!$B:$B,0),MATCH(H$4,'[1]2024'!$2:$2,0)),0)+IFERROR(INDEX('[1]2024'!$A:$Q,MATCH($B$3&$D64,'[1]2024'!$B:$B,0),MATCH(H$4,'[1]2024'!$2:$2,0)),0)++IFERROR(INDEX('[1]2024'!$A:$Q,MATCH($C$3&$D64,'[1]2024'!$B:$B,0),MATCH(H$4,'[1]2024'!$2:$2,0)),0)++IFERROR(INDEX('[1]2024'!$A:$Q,MATCH($D$3&$D64,'[1]2024'!$B:$B,0),MATCH(H$4,'[1]2024'!$2:$2,0)),0) -> 0 | I64: =IFERROR(INDEX('[1]2024'!$A:$Q,MATCH($A$3&$D64,'[1]2024'!$B:$B,0),MATCH(I$4,'[1]2024'!$2:$2,0)),0)+IFERROR(INDEX('[1]2024'!$A:$Q,MATCH($B$3&$D64,'[1]2024'!$B:$B,0),MATCH(I$4,'[1]2024'!$2:$2,0)),0)++IFERROR(INDEX('[1]2024'!$A:$Q,MATCH($C$3&$D64,'[1]2024'!$B:$B,0),MATCH(I$4,'[1]2024'!$2:$2,0)),0)++IFERROR(INDEX('[1]2024'!$A:$Q,MATCH($D$3&$D64,'[1]2024'!$B:$B,0),MATCH(I$4,'[1]2024'!$2:$2,0)),0) -> 0 | J64: =IFERROR(INDEX('[1]2024'!$A:$Q,MATCH($A$3&$D64,'[1]2024'!$B:$B,0),MATCH(J$4,'[1]2024'!$2:$2,0)),0)+IFERROR(INDEX('[1]2024'!$A:$Q,MATCH($B$3&$D64,'[1]2024'!$B:$B,0),MATCH(J$4,'[1]2024'!$2:$2,0)),0)++IFERROR(INDEX('[1]2024'!$A:$Q,MATCH($C$3&$D64,'[1]2024'!$B:$B,0),MATCH(J$4,'[1]2024'!$2:$2,0)),0)++IFERROR(INDEX('[1]2024'!$A:$Q,MATCH($D$3&$D64,'[1]2024'!$B:$B,0),MATCH(J$4,'[1]2024'!$2:$2,0)),0) -> 0 | K64: =IFERROR(INDEX('[1]2024'!$A:$Q,MATCH($A$3&$D64,'[1]2024'!$B:$B,0),MATCH(K$4,'[1]2024'!$2:$2,0)),0)+IFERROR(INDEX('[1]2024'!$A:$Q,MATCH($B$3&$D64,'[1]2024'!$B:$B,0),MATCH(K$4,'[1]2024'!$2:$2,0)),0)++IFERROR(INDEX('[1]2024'!$A:$Q,MATCH($C$3&$D64,'[1]2024'!$B:$B,0),MATCH(K$4,'[1]2024'!$2:$2,0)),0)++IFERROR(INDEX('[1]2024'!$A:$Q,MATCH($D$3&$D64,'[1]2024'!$B:$B,0),MATCH(K$4,'[1]2024'!$2:$2,0)),0) -> 0 | L64: =IFERROR(INDEX('[1]2024'!$A:$Q,MATCH($A$3&$D64,'[1]2024'!$B:$B,0),MATCH(L$4,'[1]2024'!$2:$2,0)),0)+IFERROR(INDEX('[1]2024'!$A:$Q,MATCH($B$3&$D64,'[1]2024'!$B:$B,0),MATCH(L$4,'[1]2024'!$2:$2,0)),0)++IFERROR(INDEX('[1]2024'!$A:$Q,MATCH($C$3&$D64,'[1]2024'!$B:$B,0),MATCH(L$4,'[1]2024'!$2:$2,0)),0)++IFERROR(INDEX('[1]2024'!$A:$Q,MATCH($D$3&$D64,'[1]2024'!$B:$B,0),MATCH(L$4,'[1]2024'!$2:$2,0)),0) -> 0 | M64: =IFERROR(INDEX('[1]2024'!$A:$Q,MATCH($A$3&$D64,'[1]2024'!$B:$B,0),MATCH(M$4,'[1]2024'!$2:$2,0)),0)+IFERROR(INDEX('[1]2024'!$A:$Q,MATCH($B$3&$D64,'[1]2024'!$B:$B,0),MATCH(M$4,'[1]2024'!$2:$2,0)),0)++IFERROR(INDEX('[1]2024'!$A:$Q,MATCH($C$3&$D64,'[1]2024'!$B:$B,0),MATCH(M$4,'[1]2024'!$2:$2,0)),0)++IFERROR(INDEX('[1]2024'!$A:$Q,MATCH($D$3&$D64,'[1]2024'!$B:$B,0),MATCH(M$4,'[1]2024'!$2:$2,0)),0) -> 0 | N64: =IFERROR(INDEX('[1]2024'!$A:$Q,MATCH($A$3&$D64,'[1]2024'!$B:$B,0),MATCH(N$4,'[1]2024'!$2:$2,0)),0)+IFERROR(INDEX('[1]2024'!$A:$Q,MATCH($B$3&$D64,'[1]2024'!$B:$B,0),MATCH(N$4,'[1]2024'!$2:$2,0)),0)++IFERROR(INDEX('[1]2024'!$A:$Q,MATCH($C$3&$D64,'[1]2024'!$B:$B,0),MATCH(N$4,'[1]2024'!$2:$2,0)),0)++IFERROR(INDEX('[1]2024'!$A:$Q,MATCH($D$3&$D64,'[1]2024'!$B:$B,0),MATCH(N$4,'[1]2024'!$2:$2,0)),0) -> 0 | O64: =IFERROR(INDEX('[1]2024'!$A:$Q,MATCH($A$3&$D64,'[1]2024'!$B:$B,0),MATCH(O$4,'[1]2024'!$2:$2,0)),0)+IFERROR(INDEX('[1]2024'!$A:$Q,MATCH($B$3&$D64,'[1]2024'!$B:$B,0),MATCH(O$4,'[1]2024'!$2:$2,0)),0)++IFERROR(INDEX('[1]2024'!$A:$Q,MATCH($C$3&$D64,'[1]2024'!$B:$B,0),MATCH(O$4,'[1]2024'!$2:$2,0)),0)++IFERROR(INDEX('[1]2024'!$A:$Q,MATCH($D$3&$D64,'[1]2024'!$B:$B,0),MATCH(O$4,'[1]2024'!$2:$2,0)),0) -> 0 | ... S64: =IFERROR(INDEX('[1]2024'!$A:$Q,MATCH($A$3&$D64,'[1]2024'!$B:$B,0),MATCH(S$4,'[1]2024'!$2:$2,0)),0)+IFERROR(INDEX('[1]2024'!$A:$Q,MATCH($B$3&$D64,'[1]2024'!$B:$B,0),MATCH(S$4,'[1]2024'!$2:$2,0)),0)++IFERROR(INDEX('[1]2024'!$A:$Q,MATCH($C$3&$D64,'[1]2024'!$B:$B,0),MATCH(S$4,'[1]2024'!$2:$2,0)),0)++IFERROR(INDEX('[1]2024'!$A:$Q,MATCH($D$3&$D64,'[1]2024'!$B:$B,0),MATCH(S$4,'[1]2024'!$2:$2,0)),0) -> 0 | T64: 0 | U64: =SUM(V64:AG64) -> 0 | V64: 0 | W64: 0 | X64: 0 | Y64: 0 | Z64: 0 | AA64: 0 | AB64: 0 | AC64: 0 | AD64: 0 | AE64: 0 | AF64: 0 | AG64: 0 | AH64: =송도공장장!AH64+제조팀!AH64+송도밸리데이션팀!AH64+송도생산지원팀!AH64+송도설비관리팀!AH64 -> 0 | AI64: =송도공장장!AI64+제조팀!AI64+송도밸리데이션팀!AI64+송도생산지원팀!AI64+송도설비관리팀!AI64 -> 0 | AJ64: =송도공장장!AJ64+제조팀!AJ64+송도밸리데이션팀!AJ64+송도생산지원팀!AJ64+송도설비관리팀!AJ64 -> 0 | AK64: =송도공장장!AK64+제조팀!AK64+송도밸리데이션팀!AK64+송도생산지원팀!AK64+송도설비관리팀!AK64 -> 0 | AL64: =송도공장장!AL64+제조팀!AL64+송도밸리데이션팀!AL64+송도생산지원팀!AL64+송도설비관리팀!AL64 -> 0 | AM64: =송도공장장!AM64+제조팀!AM64+송도밸리데이션팀!AM64+송도생산지원팀!AM64+송도설비관리팀!AM64 -> 0 | AN64: =송도공장장!AN64+제조팀!AN64+송도밸리데이션팀!AN64+송도생산지원팀!AN64+송도설비관리팀!AN64 -> 0 | AO64: =송도공장장!AO64+제조팀!AO64+송도밸리데이션팀!AO64+송도생산지원팀!AO64+송도설비관리팀!AO64 -> 0 | ... AT64: =송도공장장!AT64+제조팀!AT64+송도밸리데이션팀!AT64+송도생산지원팀!AT64+송도설비관리팀!AT64 -> 0 | AU64: =SUM(AI64:AK64) -> 0 | AV64: =SUM(AL64:AN64) -> 0 | AW64: =SUM(AO64:AQ64) -> 0 | AX64: =SUM(AR64:AT64) -> 0 | AY64: =IF($BC64="O",1.05*$AH64,$AH64) -> 0 | AZ64: =IF($BC64="O",1.05*$AY64,$AY64) -> 0 | BA64: =IF($BC64="O",1.05*$AZ64,$AZ64) -> 0 | BC64: O | BE64: 0 | BF64: 0 | BG64: 0 | BH64: =G64 -> 0
A65: 수도광열비-연료비(제조) | B65: 수도광열비(제조) | C65: 고정비 | D65: 5106150 | E65: BT146 | F65: 0 | G65: =SUM(H65:S65) -> 0 | H65: =IFERROR(INDEX('[1]2024'!$A:$Q,MATCH($A$3&$D65,'[1]2024'!$B:$B,0),MATCH(H$4,'[1]2024'!$2:$2,0)),0)+IFERROR(INDEX('[1]2024'!$A:$Q,MATCH($B$3&$D65,'[1]2024'!$B:$B,0),MATCH(H$4,'[1]2024'!$2:$2,0)),0)++IFERROR(INDEX('[1]2024'!$A:$Q,MATCH($C$3&$D65,'[1]2024'!$B:$B,0),MATCH(H$4,'[1]2024'!$2:$2,0)),0)++IFERROR(INDEX('[1]2024'!$A:$Q,MATCH($D$3&$D65,'[1]2024'!$B:$B,0),MATCH(H$4,'[1]2024'!$2:$2,0)),0) -> 0 | I65: =IFERROR(INDEX('[1]2024'!$A:$Q,MATCH($A$3&$D65,'[1]2024'!$B:$B,0),MATCH(I$4,'[1]2024'!$2:$2,0)),0)+IFERROR(INDEX('[1]2024'!$A:$Q,MATCH($B$3&$D65,'[1]2024'!$B:$B,0),MATCH(I$4,'[1]2024'!$2:$2,0)),0)++IFERROR(INDEX('[1]2024'!$A:$Q,MATCH($C$3&$D65,'[1]2024'!$B:$B,0),MATCH(I$4,'[1]2024'!$2:$2,0)),0)++IFERROR(INDEX('[1]2024'!$A:$Q,MATCH($D$3&$D65,'[1]2024'!$B:$B,0),MATCH(I$4,'[1]2024'!$2:$2,0)),0) -> 0 | J65: =IFERROR(INDEX('[1]2024'!$A:$Q,MATCH($A$3&$D65,'[1]2024'!$B:$B,0),MATCH(J$4,'[1]2024'!$2:$2,0)),0)+IFERROR(INDEX('[1]2024'!$A:$Q,MATCH($B$3&$D65,'[1]2024'!$B:$B,0),MATCH(J$4,'[1]2024'!$2:$2,0)),0)++IFERROR(INDEX('[1]2024'!$A:$Q,MATCH($C$3&$D65,'[1]2024'!$B:$B,0),MATCH(J$4,'[1]2024'!$2:$2,0)),0)++IFERROR(INDEX('[1]2024'!$A:$Q,MATCH($D$3&$D65,'[1]2024'!$B:$B,0),MATCH(J$4,'[1]2024'!$2:$2,0)),0) -> 0 | K65: =IFERROR(INDEX('[1]2024'!$A:$Q,MATCH($A$3&$D65,'[1]2024'!$B:$B,0),MATCH(K$4,'[1]2024'!$2:$2,0)),0)+IFERROR(INDEX('[1]2024'!$A:$Q,MATCH($B$3&$D65,'[1]2024'!$B:$B,0),MATCH(K$4,'[1]2024'!$2:$2,0)),0)++IFERROR(INDEX('[1]2024'!$A:$Q,MATCH($C$3&$D65,'[1]2024'!$B:$B,0),MATCH(K$4,'[1]2024'!$2:$2,0)),0)++IFERROR(INDEX('[1]2024'!$A:$Q,MATCH($D$3&$D65,'[1]2024'!$B:$B,0),MATCH(K$4,'[1]2024'!$2:$2,0)),0) -> 0 | L65: =IFERROR(INDEX('[1]2024'!$A:$Q,MATCH($A$3&$D65,'[1]2024'!$B:$B,0),MATCH(L$4,'[1]2024'!$2:$2,0)),0)+IFERROR(INDEX('[1]2024'!$A:$Q,MATCH($B$3&$D65,'[1]2024'!$B:$B,0),MATCH(L$4,'[1]2024'!$2:$2,0)),0)++IFERROR(INDEX('[1]2024'!$A:$Q,MATCH($C$3&$D65,'[1]2024'!$B:$B,0),MATCH(L$4,'[1]2024'!$2:$2,0)),0)++IFERROR(INDEX('[1]2024'!$A:$Q,MATCH($D$3&$D65,'[1]2024'!$B:$B,0),MATCH(L$4,'[1]2024'!$2:$2,0)),0) -> 0 | M65: =IFERROR(INDEX('[1]2024'!$A:$Q,MATCH($A$3&$D65,'[1]2024'!$B:$B,0),MATCH(M$4,'[1]2024'!$2:$2,0)),0)+IFERROR(INDEX('[1]2024'!$A:$Q,MATCH($B$3&$D65,'[1]2024'!$B:$B,0),MATCH(M$4,'[1]2024'!$2:$2,0)),0)++IFERROR(INDEX('[1]2024'!$A:$Q,MATCH($C$3&$D65,'[1]2024'!$B:$B,0),MATCH(M$4,'[1]2024'!$2:$2,0)),0)++IFERROR(INDEX('[1]2024'!$A:$Q,MATCH($D$3&$D65,'[1]2024'!$B:$B,0),MATCH(M$4,'[1]2024'!$2:$2,0)),0) -> 0 | N65: =IFERROR(INDEX('[1]2024'!$A:$Q,MATCH($A$3&$D65,'[1]2024'!$B:$B,0),MATCH(N$4,'[1]2024'!$2:$2,0)),0)+IFERROR(INDEX('[1]2024'!$A:$Q,MATCH($B$3&$D65,'[1]2024'!$B:$B,0),MATCH(N$4,'[1]2024'!$2:$2,0)),0)++IFERROR(INDEX('[1]2024'!$A:$Q,MATCH($C$3&$D65,'[1]2024'!$B:$B,0),MATCH(N$4,'[1]2024'!$2:$2,0)),0)++IFERROR(INDEX('[1]2024'!$A:$Q,MATCH($D$3&$D65,'[1]2024'!$B:$B,0),MATCH(N$4,'[1]2024'!$2:$2,0)),0) -> 0 | O65: =IFERROR(INDEX('[1]2024'!$A:$Q,MATCH($A$3&$D65,'[1]2024'!$B:$B,0),MATCH(O$4,'[1]2024'!$2:$2,0)),0)+IFERROR(INDEX('[1]2024'!$A:$Q,MATCH($B$3&$D65,'[1]2024'!$B:$B,0),MATCH(O$4,'[1]2024'!$2:$2,0)),0)++IFERROR(INDEX('[1]2024'!$A:$Q,MATCH($C$3&$D65,'[1]2024'!$B:$B,0),MATCH(O$4,'[1]2024'!$2:$2,0)),0)++IFERROR(INDEX('[1]2024'!$A:$Q,MATCH($D$3&$D65,'[1]2024'!$B:$B,0),MATCH(O$4,'[1]2024'!$2:$2,0)),0) -> 0 | ... S65: =IFERROR(INDEX('[1]2024'!$A:$Q,MATCH($A$3&$D65,'[1]2024'!$B:$B,0),MATCH(S$4,'[1]2024'!$2:$2,0)),0)+IFERROR(INDEX('[1]2024'!$A:$Q,MATCH($B$3&$D65,'[1]2024'!$B:$B,0),MATCH(S$4,'[1]2024'!$2:$2,0)),0)++IFERROR(INDEX('[1]2024'!$A:$Q,MATCH($C$3&$D65,'[1]2024'!$B:$B,0),MATCH(S$4,'[1]2024'!$2:$2,0)),0)++IFERROR(INDEX('[1]2024'!$A:$Q,MATCH($D$3&$D65,'[1]2024'!$B:$B,0),MATCH(S$4,'[1]2024'!$2:$2,0)),0) -> 0 | T65: 0 | U65: =SUM(V65:AG65) -> 0 | V65: 0 | W65: 0 | X65: 0 | Y65: 0 | Z65: 0 | AA65: 0 | AB65: 0 | AC65: 0 | AD65: 0 | AE65: 0 | AF65: 0 | AG65: 0 | AH65: =송도공장장!AH65+제조팀!AH65+송도밸리데이션팀!AH65+송도생산지원팀!AH65+송도설비관리팀!AH65 -> 0 | AI65: =송도공장장!AI65+제조팀!AI65+송도밸리데이션팀!AI65+송도생산지원팀!AI65+송도설비관리팀!AI65 -> 0 | AJ65: =송도공장장!AJ65+제조팀!AJ65+송도밸리데이션팀!AJ65+송도생산지원팀!AJ65+송도설비관리팀!AJ65 -> 0 | AK65: =송도공장장!AK65+제조팀!AK65+송도밸리데이션팀!AK65+송도생산지원팀!AK65+송도설비관리팀!AK65 -> 0 | AL65: =송도공장장!AL65+제조팀!AL65+송도밸리데이션팀!AL65+송도생산지원팀!AL65+송도설비관리팀!AL65 -> 0 | AM65: =송도공장장!AM65+제조팀!AM65+송도밸리데이션팀!AM65+송도생산지원팀!AM65+송도설비관리팀!AM65 -> 0 | AN65: =송도공장장!AN65+제조팀!AN65+송도밸리데이션팀!AN65+송도생산지원팀!AN65+송도설비관리팀!AN65 -> 0 | AO65: =송도공장장!AO65+제조팀!AO65+송도밸리데이션팀!AO65+송도생산지원팀!AO65+송도설비관리팀!AO65 -> 0 | ... AT65: =송도공장장!AT65+제조팀!AT65+송도밸리데이션팀!AT65+송도생산지원팀!AT65+송도설비관리팀!AT65 -> 0 | AU65: =SUM(AI65:AK65) -> 0 | AV65: =SUM(AL65:AN65) -> 0 | AW65: =SUM(AO65:AQ65) -> 0 | AX65: =SUM(AR65:AT65) -> 0 | AY65: =IF($BC65="O",1.05*$AH65,$AH65) -> 0 | AZ65: =IF($BC65="O",1.05*$AY65,$AY65) -> 0 | BA65: =IF($BC65="O",1.05*$AZ65,$AZ65) -> 0 | BC65: O | BE65: 0 | BF65: 0 | BG65: 0 | BH65: =G65 -> 0
A66: 수도광열비-발전유류비(제조) | B66: - | C66: 변동비 | D66: 5106160 | E66: BT146 | F66: 0 | G66: =SUM(H66:S66) -> 0 | H66: =IFERROR(INDEX('[1]2024'!$A:$Q,MATCH($A$3&$D66,'[1]2024'!$B:$B,0),MATCH(H$4,'[1]2024'!$2:$2,0)),0)+IFERROR(INDEX('[1]2024'!$A:$Q,MATCH($B$3&$D66,'[1]2024'!$B:$B,0),MATCH(H$4,'[1]2024'!$2:$2,0)),0)++IFERROR(INDEX('[1]2024'!$A:$Q,MATCH($C$3&$D66,'[1]2024'!$B:$B,0),MATCH(H$4,'[1]2024'!$2:$2,0)),0)++IFERROR(INDEX('[1]2024'!$A:$Q,MATCH($D$3&$D66,'[1]2024'!$B:$B,0),MATCH(H$4,'[1]2024'!$2:$2,0)),0) -> 0 | I66: =IFERROR(INDEX('[1]2024'!$A:$Q,MATCH($A$3&$D66,'[1]2024'!$B:$B,0),MATCH(I$4,'[1]2024'!$2:$2,0)),0)+IFERROR(INDEX('[1]2024'!$A:$Q,MATCH($B$3&$D66,'[1]2024'!$B:$B,0),MATCH(I$4,'[1]2024'!$2:$2,0)),0)++IFERROR(INDEX('[1]2024'!$A:$Q,MATCH($C$3&$D66,'[1]2024'!$B:$B,0),MATCH(I$4,'[1]2024'!$2:$2,0)),0)++IFERROR(INDEX('[1]2024'!$A:$Q,MATCH($D$3&$D66,'[1]2024'!$B:$B,0),MATCH(I$4,'[1]2024'!$2:$2,0)),0) -> 0 | J66: =IFERROR(INDEX('[1]2024'!$A:$Q,MATCH($A$3&$D66,'[1]2024'!$B:$B,0),MATCH(J$4,'[1]2024'!$2:$2,0)),0)+IFERROR(INDEX('[1]2024'!$A:$Q,MATCH($B$3&$D66,'[1]2024'!$B:$B,0),MATCH(J$4,'[1]2024'!$2:$2,0)),0)++IFERROR(INDEX('[1]2024'!$A:$Q,MATCH($C$3&$D66,'[1]2024'!$B:$B,0),MATCH(J$4,'[1]2024'!$2:$2,0)),0)++IFERROR(INDEX('[1]2024'!$A:$Q,MATCH($D$3&$D66,'[1]2024'!$B:$B,0),MATCH(J$4,'[1]2024'!$2:$2,0)),0) -> 0 | K66: =IFERROR(INDEX('[1]2024'!$A:$Q,MATCH($A$3&$D66,'[1]2024'!$B:$B,0),MATCH(K$4,'[1]2024'!$2:$2,0)),0)+IFERROR(INDEX('[1]2024'!$A:$Q,MATCH($B$3&$D66,'[1]2024'!$B:$B,0),MATCH(K$4,'[1]2024'!$2:$2,0)),0)++IFERROR(INDEX('[1]2024'!$A:$Q,MATCH($C$3&$D66,'[1]2024'!$B:$B,0),MATCH(K$4,'[1]2024'!$2:$2,0)),0)++IFERROR(INDEX('[1]2024'!$A:$Q,MATCH($D$3&$D66,'[1]2024'!$B:$B,0),MATCH(K$4,'[1]2024'!$2:$2,0)),0) -> 0 | L66: =IFERROR(INDEX('[1]2024'!$A:$Q,MATCH($A$3&$D66,'[1]2024'!$B:$B,0),MATCH(L$4,'[1]2024'!$2:$2,0)),0)+IFERROR(INDEX('[1]2024'!$A:$Q,MATCH($B$3&$D66,'[1]2024'!$B:$B,0),MATCH(L$4,'[1]2024'!$2:$2,0)),0)++IFERROR(INDEX('[1]2024'!$A:$Q,MATCH($C$3&$D66,'[1]2024'!$B:$B,0),MATCH(L$4,'[1]2024'!$2:$2,0)),0)++IFERROR(INDEX('[1]2024'!$A:$Q,MATCH($D$3&$D66,'[1]2024'!$B:$B,0),MATCH(L$4,'[1]2024'!$2:$2,0)),0) -> 0 | M66: =IFERROR(INDEX('[1]2024'!$A:$Q,MATCH($A$3&$D66,'[1]2024'!$B:$B,0),MATCH(M$4,'[1]2024'!$2:$2,0)),0)+IFERROR(INDEX('[1]2024'!$A:$Q,MATCH($B$3&$D66,'[1]2024'!$B:$B,0),MATCH(M$4,'[1]2024'!$2:$2,0)),0)++IFERROR(INDEX('[1]2024'!$A:$Q,MATCH($C$3&$D66,'[1]2024'!$B:$B,0),MATCH(M$4,'[1]2024'!$2:$2,0)),0)++IFERROR(INDEX('[1]2024'!$A:$Q,MATCH($D$3&$D66,'[1]2024'!$B:$B,0),MATCH(M$4,'[1]2024'!$2:$2,0)),0) -> 0 | N66: =IFERROR(INDEX('[1]2024'!$A:$Q,MATCH($A$3&$D66,'[1]2024'!$B:$B,0),MATCH(N$4,'[1]2024'!$2:$2,0)),0)+IFERROR(INDEX('[1]2024'!$A:$Q,MATCH($B$3&$D66,'[1]2024'!$B:$B,0),MATCH(N$4,'[1]2024'!$2:$2,0)),0)++IFERROR(INDEX('[1]2024'!$A:$Q,MATCH($C$3&$D66,'[1]2024'!$B:$B,0),MATCH(N$4,'[1]2024'!$2:$2,0)),0)++IFERROR(INDEX('[1]2024'!$A:$Q,MATCH($D$3&$D66,'[1]2024'!$B:$B,0),MATCH(N$4,'[1]2024'!$2:$2,0)),0) -> 0 | O66: =IFERROR(INDEX('[1]2024'!$A:$Q,MATCH($A$3&$D66,'[1]2024'!$B:$B,0),MATCH(O$4,'[1]2024'!$2:$2,0)),0)+IFERROR(INDEX('[1]2024'!$A:$Q,MATCH($B$3&$D66,'[1]2024'!$B:$B,0),MATCH(O$4,'[1]2024'!$2:$2,0)),0)++IFERROR(INDEX('[1]2024'!$A:$Q,MATCH($C$3&$D66,'[1]2024'!$B:$B,0),MATCH(O$4,'[1]2024'!$2:$2,0)),0)++IFERROR(INDEX('[1]2024'!$A:$Q,MATCH($D$3&$D66,'[1]2024'!$B:$B,0),MATCH(O$4,'[1]2024'!$2:$2,0)),0) -> 0 | ... S66: =IFERROR(INDEX('[1]2024'!$A:$Q,MATCH($A$3&$D66,'[1]2024'!$B:$B,0),MATCH(S$4,'[1]2024'!$2:$2,0)),0)+IFERROR(INDEX('[1]2024'!$A:$Q,MATCH($B$3&$D66,'[1]2024'!$B:$B,0),MATCH(S$4,'[1]2024'!$2:$2,0)),0)++IFERROR(INDEX('[1]2024'!$A:$Q,MATCH($C$3&$D66,'[1]2024'!$B:$B,0),MATCH(S$4,'[1]2024'!$2:$2,0)),0)++IFERROR(INDEX('[1]2024'!$A:$Q,MATCH($D$3&$D66,'[1]2024'!$B:$B,0),MATCH(S$4,'[1]2024'!$2:$2,0)),0) -> 0 | T66: 0 | U66: =SUM(V66:AG66) -> 0 | V66: 0 | W66: 0 | X66: 0 | Y66: 0 | Z66: 0 | AA66: 0 | AB66: 0 | AC66: 0 | AD66: 0 | AE66: 0 | AF66: 0 | AG66: 0 | AH66: =송도공장장!AH66+제조팀!AH66+송도밸리데이션팀!AH66+송도생산지원팀!AH66+송도설비관리팀!AH66 -> 0 | AI66: =송도공장장!AI66+제조팀!AI66+송도밸리데이션팀!AI66+송도생산지원팀!AI66+송도설비관리팀!AI66 -> 0 | AJ66: =송도공장장!AJ66+제조팀!AJ66+송도밸리데이션팀!AJ66+송도생산지원팀!AJ66+송도설비관리팀!AJ66 -> 0 | AK66: =송도공장장!AK66+제조팀!AK66+송도밸리데이션팀!AK66+송도생산지원팀!AK66+송도설비관리팀!AK66 -> 0 | AL66: =송도공장장!AL66+제조팀!AL66+송도밸리데이션팀!AL66+송도생산지원팀!AL66+송도설비관리팀!AL66 -> 0 | AM66: =송도공장장!AM66+제조팀!AM66+송도밸리데이션팀!AM66+송도생산지원팀!AM66+송도설비관리팀!AM66 -> 0 | AN66: =송도공장장!AN66+제조팀!AN66+송도밸리데이션팀!AN66+송도생산지원팀!AN66+송도설비관리팀!AN66 -> 0 | AO66: =송도공장장!AO66+제조팀!AO66+송도밸리데이션팀!AO66+송도생산지원팀!AO66+송도설비관리팀!AO66 -> 0 | ... AT66: =송도공장장!AT66+제조팀!AT66+송도밸리데이션팀!AT66+송도생산지원팀!AT66+송도설비관리팀!AT66 -> 0 | AU66: =SUM(AI66:AK66) -> 0 | AV66: =SUM(AL66:AN66) -> 0 | AW66: =SUM(AO66:AQ66) -> 0 | AX66: =SUM(AR66:AT66) -> 0 | AY66: =IF($BC66="O",1.05*$AH66,$AH66) -> 0 | AZ66: =IF($BC66="O",1.05*$AY66,$AY66) -> 0 | BA66: =IF($BC66="O",1.05*$AZ66,$AZ66) -> 0 | BC66: O | BE66: 0 | BF66: 0 | BG66: 0 | BH66: =G66 -> 0
A67: 수도광열비-연료난방비(제조) | B67: 수도광열비(제조) | C67: 고정비 | D67: 5106141 | E67: BT146 | F67: 0 | G67: =SUM(H67:S67) -> 0 | H67: =IFERROR(INDEX('[1]2024'!$A:$Q,MATCH($A$3&$D67,'[1]2024'!$B:$B,0),MATCH(H$4,'[1]2024'!$2:$2,0)),0)+IFERROR(INDEX('[1]2024'!$A:$Q,MATCH($B$3&$D67,'[1]2024'!$B:$B,0),MATCH(H$4,'[1]2024'!$2:$2,0)),0)++IFERROR(INDEX('[1]2024'!$A:$Q,MATCH($C$3&$D67,'[1]2024'!$B:$B,0),MATCH(H$4,'[1]2024'!$2:$2,0)),0)++IFERROR(INDEX('[1]2024'!$A:$Q,MATCH($D$3&$D67,'[1]2024'!$B:$B,0),MATCH(H$4,'[1]2024'!$2:$2,0)),0) -> 0 | I67: =IFERROR(INDEX('[1]2024'!$A:$Q,MATCH($A$3&$D67,'[1]2024'!$B:$B,0),MATCH(I$4,'[1]2024'!$2:$2,0)),0)+IFERROR(INDEX('[1]2024'!$A:$Q,MATCH($B$3&$D67,'[1]2024'!$B:$B,0),MATCH(I$4,'[1]2024'!$2:$2,0)),0)++IFERROR(INDEX('[1]2024'!$A:$Q,MATCH($C$3&$D67,'[1]2024'!$B:$B,0),MATCH(I$4,'[1]2024'!$2:$2,0)),0)++IFERROR(INDEX('[1]2024'!$A:$Q,MATCH($D$3&$D67,'[1]2024'!$B:$B,0),MATCH(I$4,'[1]2024'!$2:$2,0)),0) -> 0 | J67: =IFERROR(INDEX('[1]2024'!$A:$Q,MATCH($A$3&$D67,'[1]2024'!$B:$B,0),MATCH(J$4,'[1]2024'!$2:$2,0)),0)+IFERROR(INDEX('[1]2024'!$A:$Q,MATCH($B$3&$D67,'[1]2024'!$B:$B,0),MATCH(J$4,'[1]2024'!$2:$2,0)),0)++IFERROR(INDEX('[1]2024'!$A:$Q,MATCH($C$3&$D67,'[1]2024'!$B:$B,0),MATCH(J$4,'[1]2024'!$2:$2,0)),0)++IFERROR(INDEX('[1]2024'!$A:$Q,MATCH($D$3&$D67,'[1]2024'!$B:$B,0),MATCH(J$4,'[1]2024'!$2:$2,0)),0) -> 0 | K67: =IFERROR(INDEX('[1]2024'!$A:$Q,MATCH($A$3&$D67,'[1]2024'!$B:$B,0),MATCH(K$4,'[1]2024'!$2:$2,0)),0)+IFERROR(INDEX('[1]2024'!$A:$Q,MATCH($B$3&$D67,'[1]2024'!$B:$B,0),MATCH(K$4,'[1]2024'!$2:$2,0)),0)++IFERROR(INDEX('[1]2024'!$A:$Q,MATCH($C$3&$D67,'[1]2024'!$B:$B,0),MATCH(K$4,'[1]2024'!$2:$2,0)),0)++IFERROR(INDEX('[1]2024'!$A:$Q,MATCH($D$3&$D67,'[1]2024'!$B:$B,0),MATCH(K$4,'[1]2024'!$2:$2,0)),0) -> 0 | L67: =IFERROR(INDEX('[1]2024'!$A:$Q,MATCH($A$3&$D67,'[1]2024'!$B:$B,0),MATCH(L$4,'[1]2024'!$2:$2,0)),0)+IFERROR(INDEX('[1]2024'!$A:$Q,MATCH($B$3&$D67,'[1]2024'!$B:$B,0),MATCH(L$4,'[1]2024'!$2:$2,0)),0)++IFERROR(INDEX('[1]2024'!$A:$Q,MATCH($C$3&$D67,'[1]2024'!$B:$B,0),MATCH(L$4,'[1]2024'!$2:$2,0)),0)++IFERROR(INDEX('[1]2024'!$A:$Q,MATCH($D$3&$D67,'[1]2024'!$B:$B,0),MATCH(L$4,'[1]2024'!$2:$2,0)),0) -> 0 | M67: =IFERROR(INDEX('[1]2024'!$A:$Q,MATCH($A$3&$D67,'[1]2024'!$B:$B,0),MATCH(M$4,'[1]2024'!$2:$2,0)),0)+IFERROR(INDEX('[1]2024'!$A:$Q,MATCH($B$3&$D67,'[1]2024'!$B:$B,0),MATCH(M$4,'[1]2024'!$2:$2,0)),0)++IFERROR(INDEX('[1]2024'!$A:$Q,MATCH($C$3&$D67,'[1]2024'!$B:$B,0),MATCH(M$4,'[1]2024'!$2:$2,0)),0)++IFERROR(INDEX('[1]2024'!$A:$Q,MATCH($D$3&$D67,'[1]2024'!$B:$B,0),MATCH(M$4,'[1]2024'!$2:$2,0)),0) -> 0 | N67: =IFERROR(INDEX('[1]2024'!$A:$Q,MATCH($A$3&$D67,'[1]2024'!$B:$B,0),MATCH(N$4,'[1]2024'!$2:$2,0)),0)+IFERROR(INDEX('[1]2024'!$A:$Q,MATCH($B$3&$D67,'[1]2024'!$B:$B,0),MATCH(N$4,'[1]2024'!$2:$2,0)),0)++IFERROR(INDEX('[1]2024'!$A:$Q,MATCH($C$3&$D67,'[1]2024'!$B:$B,0),MATCH(N$4,'[1]2024'!$2:$2,0)),0)++IFERROR(INDEX('[1]2024'!$A:$Q,MATCH($D$3&$D67,'[1]2024'!$B:$B,0),MATCH(N$4,'[1]2024'!$2:$2,0)),0) -> 0 | O67: =IFERROR(INDEX('[1]2024'!$A:$Q,MATCH($A$3&$D67,'[1]2024'!$B:$B,0),MATCH(O$4,'[1]2024'!$2:$2,0)),0)+IFERROR(INDEX('[1]2024'!$A:$Q,MATCH($B$3&$D67,'[1]2024'!$B:$B,0),MATCH(O$4,'[1]2024'!$2:$2,0)),0)++IFERROR(INDEX('[1]2024'!$A:$Q,MATCH($C$3&$D67,'[1]2024'!$B:$B,0),MATCH(O$4,'[1]2024'!$2:$2,0)),0)++IFERROR(INDEX('[1]2024'!$A:$Q,MATCH($D$3&$D67,'[1]2024'!$B:$B,0),MATCH(O$4,'[1]2024'!$2:$2,0)),0) -> 0 | ... S67: =IFERROR(INDEX('[1]2024'!$A:$Q,MATCH($A$3&$D67,'[1]2024'!$B:$B,0),MATCH(S$4,'[1]2024'!$2:$2,0)),0)+IFERROR(INDEX('[1]2024'!$A:$Q,MATCH($B$3&$D67,'[1]2024'!$B:$B,0),MATCH(S$4,'[1]2024'!$2:$2,0)),0)++IFERROR(INDEX('[1]2024'!$A:$Q,MATCH($C$3&$D67,'[1]2024'!$B:$B,0),MATCH(S$4,'[1]2024'!$2:$2,0)),0)++IFERROR(INDEX('[1]2024'!$A:$Q,MATCH($D$3&$D67,'[1]2024'!$B:$B,0),MATCH(S$4,'[1]2024'!$2:$2,0)),0) -> 0 | T67: 0 | U67: =SUM(V67:AG67) -> 0 | V67: 0 | W67: 0 | X67: 0 | Y67: 0 | Z67: 0 | AA67: 0 | AB67: 0 | AC67: 0 | AD67: 0 | AE67: 0 | AF67: 0 | AG67: 0 | AH67: =송도공장장!AH67+제조팀!AH67+송도밸리데이션팀!AH67+송도생산지원팀!AH67+송도설비관리팀!AH67 -> 1130000000 | AI67: =송도공장장!AI67+제조팀!AI67+송도밸리데이션팀!AI67+송도생산지원팀!AI67+송도설비관리팀!AI67 -> 100000000 | AJ67: =송도공장장!AJ67+제조팀!AJ67+송도밸리데이션팀!AJ67+송도생산지원팀!AJ67+송도설비관리팀!AJ67 -> 100000000 | AK67: =송도공장장!AK67+제조팀!AK67+송도밸리데이션팀!AK67+송도생산지원팀!AK67+송도설비관리팀!AK67 -> 100000000 | AL67: =송도공장장!AL67+제조팀!AL67+송도밸리데이션팀!AL67+송도생산지원팀!AL67+송도설비관리팀!AL67 -> 90000000 | AM67: =송도공장장!AM67+제조팀!AM67+송도밸리데이션팀!AM67+송도생산지원팀!AM67+송도설비관리팀!AM67 -> 90000000 | AN67: =송도공장장!AN67+제조팀!AN67+송도밸리데이션팀!AN67+송도생산지원팀!AN67+송도설비관리팀!AN67 -> 90000000 | AO67: =송도공장장!AO67+제조팀!AO67+송도밸리데이션팀!AO67+송도생산지원팀!AO67+송도설비관리팀!AO67 -> 90000000 | ... AT67: =송도공장장!AT67+제조팀!AT67+송도밸리데이션팀!AT67+송도생산지원팀!AT67+송도설비관리팀!AT67 -> 100000000 | AU67: =SUM(AI67:AK67) -> 300000000 | AV67: =SUM(AL67:AN67) -> 270000000 | AW67: =SUM(AO67:AQ67) -> 270000000 | AX67: =SUM(AR67:AT67) -> 290000000 | AY67: =IF($BC67="O",1.05*$AH67,$AH67) -> 1186500000 | AZ67: =IF($BC67="O",1.05*$AY67,$AY67) -> 1245825000 | BA67: =IF($BC67="O",1.05*$AZ67,$AZ67) -> 1308116250 | BC67: O | BE67: 0 | BF67: 0 | BG67: 0 | BH67: =G67 -> 0
A68: 5.세금과공과 | B68: - | F68: 0 | G68: =SUM(G69:G78) -> 0 | H68: =SUM(H69:H78) -> 0 | I68: =SUM(I69:I78) -> 0 | J68: =SUM(J69:J78) -> 0 | K68: =SUM(K69:K78) -> 0 | L68: =SUM(L69:L78) -> 0 | M68: =SUM(M69:M78) -> 0 | N68: =SUM(N69:N78) -> 0 | ... S68: =SUM(S69:S78) -> 0 | T68: 0 | U68: =SUM(U69:U78) -> 0 | V68: =SUM(V69:V78) -> 0 | W68: =SUM(W69:W78) -> 0 | X68: =SUM(X69:X78) -> 0 | Y68: =SUM(Y69:Y78) -> 0 | Z68: =SUM(Z69:Z78) -> 0 | AA68: 0 | AB68: 0 | AC68: 0 | AD68: 0 | AE68: 0 | AF68: 0 | AG68: 0 | AH68: =SUM(AH69:AH78) -> 388700000 | AI68: =SUM(AI69:AI78) -> 6900000 | AJ68: =SUM(AJ69:AJ78) -> 6800000 | AK68: =SUM(AK69:AK78) -> 6500000 | AL68: =SUM(AL69:AL78) -> 6500000 | AM68: =SUM(AM69:AM78) -> 6500000 | AN68: =SUM(AN69:AN78) -> 6500000 | AO68: =SUM(AO69:AO78) -> 66500000 | ... AT68: =SUM(AT69:AT78) -> 6500000 | AU68: =SUM(AI68:AK68) -> 20200000 | AV68: =SUM(AL68:AN68) -> 19500000 | AW68: =SUM(AO68:AQ68) -> 329500000 | AX68: =SUM(AR68:AT68) -> 19500000 | AY68: =SUM(AY69:AY78) -> 388700000 | AZ68: =SUM(AZ69:AZ78) -> 388700000 | BA68: =SUM(BA69:BA78) -> 388700000 | BE68: =SUM(BE69:BE78) -> 0 | BF68: 0 | BG68: 0 | BH68: =G68 -> 0
